state	checkts	positive	negative	pending	hospitalized	death	grade
AK	2020-03-06T21:00:00.0	0	8	1			
AK	2020-03-07T21:00:00.0	0	12	2			
AK	2020-03-08T20:00:00.0	0	14	6			
AK	2020-03-09T20:00:00.0	0	23	9			
AK	2020-03-10T20:00:00.0	0	23	9			
AK	2020-03-11T20:00:00.0	0	46	14			
AK	2020-03-12T20:00:00.0	0	46	14			
AK	2020-03-13T20:00:00.0	1	59				
AK	2020-03-14T20:00:00.0	1	143				
AK	2020-03-15T20:00:00.0	1	143				
AK	2020-03-16T20:00:00.0	1	143				
AK	2020-03-17T20:00:00.0	3	334				
AK	2020-03-18T20:00:00.0	6	406				
AK	2020-03-19T20:00:00.0	6	432				
AK	2020-03-20T20:00:00.0	12	686				
AK	2020-03-21T20:00:00.0	14	758		0		A
AK	2020-03-22T20:00:00.0	22	946		0		A
AK	2020-03-23T20:00:00.0	22	946		0		A
AK	2020-03-24T20:00:00.0	36	986		0		A
AK	2020-03-25T20:00:00.0	42	1649		1	1	A
AK	2020-03-26T20:00:00.0	59	1801		3	1	A
AK	2020-03-27T20:00:00.0	69	2319	13	3	1	A
AK	2020-03-28T20:00:00.0	85	2836		5	2	A
AK	2020-03-29T20:00:00.0	102	3232		6	2	A
AK	2020-03-30T20:00:00.0	114	3540		7	3	A
AK	2020-03-31T20:00:00.0	119	3594		7	3	A
AK	2020-04-01T20:00:00.0	133	4470		9	3	A
AK	2020-04-02T20:00:00.0	143	4879		9	3	A
AK	2020-04-03T20:00:00.0	157	5859		15	3	A
AK	2020-04-04T20:00:00.0	171	5869		16	5	A
AK	2020-04-05T20:00:00.0	185	6099		20	6	
AL	2020-03-07T21:00:00.0	0					
AL	2020-03-08T20:00:00.0	0					
AL	2020-03-09T20:00:00.0	0					
AL	2020-03-10T20:00:00.0	0	0	0			
AL	2020-03-11T20:00:00.0	0	10				
AL	2020-03-12T20:00:00.0	0	10				
AL	2020-03-13T20:00:00.0	1	11				
AL	2020-03-14T20:00:00.0	6	22	46			
AL	2020-03-15T20:00:00.0	12	28	46		0	
AL	2020-03-16T20:00:00.0	28	28	40		0	
AL	2020-03-17T20:00:00.0	36	28			0	
AL	2020-03-18T20:00:00.0	46	28			0	
AL	2020-03-19T20:00:00.0	68	28			0	
AL	2020-03-20T20:00:00.0	81	28			0	C
AL	2020-03-21T20:00:00.0	124	28			0	C
AL	2020-03-22T20:00:00.0	138	1464			0	C
AL	2020-03-23T20:00:00.0	167	1665			0	C
AL	2020-03-24T20:00:00.0	215	2106			0	C
AL	2020-03-25T20:00:00.0	283	2529			0	C
AL	2020-03-26T20:00:00.0	506	3593			1	C
AL	2020-03-27T20:00:00.0	587	4184			3	B
AL	2020-03-28T20:00:00.0	696	4184			3	B
AL	2020-03-29T20:00:00.0	806	4184			4	B
AL	2020-03-30T20:00:00.0	859	5694			6	B
AL	2020-03-31T20:00:00.0	981	6298			13	B
AL	2020-04-01T20:00:00.0	1077	6697			26	B
AL	2020-04-02T20:00:00.0	1233	7503			32	B
AL	2020-04-03T20:00:00.0	1432	8187			35	B
AL	2020-04-04T20:00:00.0	1580	9273		212	43	B
AL	2020-04-05T20:00:00.0	1796	11282		231	45	
AR	2020-03-06T21:00:00.0	0	6	0			
AR	2020-03-07T21:00:00.0	0	6	0			
AR	2020-03-08T20:00:00.0	0	6	0			
AR	2020-03-09T20:00:00.0	0	12	0			
AR	2020-03-10T20:00:00.0	0	12	3			
AR	2020-03-11T20:00:00.0	0	12	14			
AR	2020-03-12T20:00:00.0	6	24	20			
AR	2020-03-13T20:00:00.0	9	30	22			
AR	2020-03-14T20:00:00.0	12	65	26			
AR	2020-03-15T20:00:00.0	16	103	30			
AR	2020-03-16T20:00:00.0	22	132	14			
AR	2020-03-17T20:00:00.0	22	197	41			
AR	2020-03-18T20:00:00.0	33	236	50			
AR	2020-03-19T20:00:00.0	46	310	113			
AR	2020-03-20T20:00:00.0	96	351	203			A
AR	2020-03-21T20:00:00.0	118	567	154			A
AR	2020-03-22T20:00:00.0	165	711	119	13	0	A
AR	2020-03-23T20:00:00.0	174	906	0	13	0	A
AR	2020-03-24T20:00:00.0	218	947	0	22	0	A
AR	2020-03-25T20:00:00.0	280	1437	0	22	2	A
AR	2020-03-26T20:00:00.0	335	1504	0	41	3	A
AR	2020-03-27T20:00:00.0	381	1545	0	48	3	A
AR	2020-03-28T20:00:00.0	404	2938	0	48	5	A
AR	2020-03-29T20:00:00.0	426	3027		48	6	A
AR	2020-03-30T20:00:00.0	473	5262		62	7	A
AR	2020-03-31T20:00:00.0	523	5959		64	8	A
AR	2020-04-01T20:00:00.0	584	7354		90	10	A
AR	2020-04-02T20:00:00.0	643	7880			12	A
AR	2020-04-03T20:00:00.0	704	8995			12	A
AR	2020-04-04T20:00:00.0	743	9627			14	A
AR	2020-04-05T20:00:00.0	830	10412		130	16	
AS	2020-03-16T20:00:00.0	0					
AS	2020-03-17T20:00:00.0	0					
AS	2020-03-18T20:00:00.0	0				0	
AS	2020-03-19T20:00:00.0	0				0	
AS	2020-03-20T20:00:00.0	0				0	
AS	2020-03-21T20:00:00.0					0	
AS	2020-03-22T20:00:00.0					0	
AS	2020-03-23T20:00:00.0					0	
AS	2020-03-24T20:00:00.0	0				0	
AS	2020-03-25T20:00:00.0	0				0	
AS	2020-03-26T20:00:00.0	0				0	
AS	2020-03-27T20:00:00.0	0		0		0	
AS	2020-03-28T20:00:00.0	0		0		0	
AS	2020-03-29T20:00:00.0					0	
AS	2020-03-30T20:00:00.0					0	
AS	2020-03-31T20:00:00.0		3	2		0	
AS	2020-04-01T20:00:00.0	0	20	6		0	
AS	2020-04-02T20:00:00.0	0	20	6		0	
AS	2020-04-03T20:00:00.0		20	6		0	
AS	2020-04-04T20:00:00.0		20	6		0	
AS	2020-04-05T20:00:00.0	0	20	6		0	
AZ	2020-03-04T21:00:00.0	2	27	5			
AZ	2020-03-05T21:00:00.0	2	28	6			
AZ	2020-03-06T21:00:00.0	3	33	15			
AZ	2020-03-07T21:00:00.0	5	44	7			
AZ	2020-03-08T20:00:00.0	5	44	7			
AZ	2020-03-09T20:00:00.0	5	44	7			
AZ	2020-03-10T20:00:00.0	6	51	27			
AZ	2020-03-11T20:00:00.0	9	59	32			
AZ	2020-03-12T20:00:00.0	9	82	24			
AZ	2020-03-13T20:00:00.0	9	94	40		0	
AZ	2020-03-14T20:00:00.0	12	121	50		0	
AZ	2020-03-15T20:00:00.0	12	121	50		0	
AZ	2020-03-16T20:00:00.0	18	125	63		0	
AZ	2020-03-17T20:00:00.0	20	142	66		0	
AZ	2020-03-18T20:00:00.0	28	148	102		0	
AZ	2020-03-19T20:00:00.0	44	175	130		0	
AZ	2020-03-20T20:00:00.0	65	211	101		0	B
AZ	2020-03-21T20:00:00.0	104	240	122		1	B
AZ	2020-03-22T20:00:00.0	152	282	87		2	B
AZ	2020-03-23T20:00:00.0	265	309	6		2	B
AZ	2020-03-24T20:00:00.0	357	313	22	8	5	B
AZ	2020-03-25T20:00:00.0	450	323	53	8	6	B
AZ	2020-03-26T20:00:00.0	577	347	33	66	8	B
AZ	2020-03-27T20:00:00.0	736	7455	30		13	B
AZ	2020-03-28T20:00:00.0	873	7455	21		15	B
AZ	2020-03-29T20:00:00.0	919	12953		78	17	B
AZ	2020-03-30T20:00:00.0	1157	15602		78	20	B
AZ	2020-03-31T20:00:00.0	1289	18082		78	24	B
AZ	2020-04-01T20:00:00.0	1413	19645		149	29	B
AZ	2020-04-02T20:00:00.0	1598	21111		228	32	B
AZ	2020-04-03T20:00:00.0	1769	22904		249	41	B
AZ	2020-04-04T20:00:00.0	2019	25141		297	52	
AZ	2020-04-05T20:00:00.0	2269	25141		310	64	
CA	2020-03-04T21:00:00.0	53	462				
CA	2020-03-05T21:00:00.0	53	462				
CA	2020-03-06T21:00:00.0	60	462				
CA	2020-03-07T21:00:00.0	69	462				
CA	2020-03-08T20:00:00.0	88	462				
CA	2020-03-09T20:00:00.0	114	690				
CA	2020-03-10T20:00:00.0	133	690				
CA	2020-03-11T20:00:00.0	157	916				
CA	2020-03-12T20:00:00.0	202	916			4	
CA	2020-03-13T20:00:00.0	202	916			4	
CA	2020-03-14T20:00:00.0	252	916			5	
CA	2020-03-15T20:00:00.0	293	916			5	
CA	2020-03-16T20:00:00.0	335	7981			6	
CA	2020-03-17T20:00:00.0	483	7981			11	
CA	2020-03-18T20:00:00.0	611	7981			13	
CA	2020-03-19T20:00:00.0	924	8787			18	
CA	2020-03-20T20:00:00.0	1063	10424			20	B
CA	2020-03-21T20:00:00.0	1279	11249			24	B
CA	2020-03-22T20:00:00.0	1536	11304			27	B
CA	2020-03-23T20:00:00.0	1733	12567	12100		27	B
CA	2020-03-24T20:00:00.0	2102	13452	12100		40	B
CA	2020-03-25T20:00:00.0	2355	15921	48600		53	B
CA	2020-03-26T20:00:00.0	3006	17380	57400		65	B
CA	2020-03-27T20:00:00.0	3879	17380	57400	746	78	B
CA	2020-03-28T20:00:00.0	4643	20549	64400	1034	101	B
CA	2020-03-29T20:00:00.0	5708	20549	64400	1034	123	B
CA	2020-03-30T20:00:00.0	6447	20549	64400	1432	133	B
CA	2020-03-31T20:00:00.0	7482	21772	57400	1617	153	B
CA	2020-04-01T20:00:00.0	8155	21772	57400	1855	171	B
CA	2020-04-02T20:00:00.0	9191	23809	59500		203	B
CA	2020-04-03T20:00:00.0	10701	24599	59500		237	B
CA	2020-04-04T20:00:00.0	12026	101674	13000		276	B
CA	2020-04-05T20:00:00.0	13438	103095	15000		319	
CO	2020-03-05T21:00:00.0	0	19	21			
CO	2020-03-06T21:00:00.0	2	46	30			
CO	2020-03-07T21:00:00.0	8	55	69			
CO	2020-03-08T20:00:00.0	8	104				
CO	2020-03-09T20:00:00.0	9	133				
CO	2020-03-10T20:00:00.0	12	142	1			
CO	2020-03-11T20:00:00.0	28	251				
CO	2020-03-12T20:00:00.0	45	298				
CO	2020-03-13T20:00:00.0	72	524				
CO	2020-03-14T20:00:00.0	101	610			1	
CO	2020-03-15T20:00:00.0	131	627			1	
CO	2020-03-16T20:00:00.0	131	627			1	
CO	2020-03-17T20:00:00.0	160	1056			1	
CO	2020-03-18T20:00:00.0	183	1617			2	
CO	2020-03-19T20:00:00.0	216	2112			2	
CO	2020-03-20T20:00:00.0	277	2675			3	A
CO	2020-03-21T20:00:00.0	363	3317		44	4	A
CO	2020-03-22T20:00:00.0	475	4075		49	5	A
CO	2020-03-23T20:00:00.0	591	4845		58	6	A
CO	2020-03-24T20:00:00.0	720	5504		72	7	A
CO	2020-03-25T20:00:00.0	912	6789		84	11	A
CO	2020-03-26T20:00:00.0	1086	6978		148	19	A
CO	2020-03-27T20:00:00.0	1430	8692		184	24	A
CO	2020-03-28T20:00:00.0	1734	9942		239	31	A
CO	2020-03-29T20:00:00.0	2061	11215		274	44	A
CO	2020-03-30T20:00:00.0	2627	12737		414	51	A
CO	2020-03-31T20:00:00.0	2627	12737		414	51	A
CO	2020-04-01T20:00:00.0	2966	13883		509	69	A
CO	2020-04-02T20:00:00.0	3342	15303		620	80	A
CO	2020-04-03T20:00:00.0	3728	16683		710	97	A
CO	2020-04-04T20:00:00.0	4173	17898		823	111	A
CO	2020-04-05T20:00:00.0	4565	19335		875	126	
CT	2020-03-07T21:00:00.0	0					
CT	2020-03-08T20:00:00.0	1	29	8			
CT	2020-03-09T20:00:00.0	1	46				
CT	2020-03-10T20:00:00.0	2	54				
CT	2020-03-11T20:00:00.0	3	71				
CT	2020-03-12T20:00:00.0	6	89				
CT	2020-03-13T20:00:00.0	6	99				
CT	2020-03-14T20:00:00.0	11	125				
CT	2020-03-15T20:00:00.0	20	125				
CT	2020-03-16T20:00:00.0	26	125				
CT	2020-03-17T20:00:00.0	41	125				
CT	2020-03-18T20:00:00.0	68	125				
CT	2020-03-19T20:00:00.0	96	604			1	
CT	2020-03-20T20:00:00.0	194	604			3	
CT	2020-03-21T20:00:00.0	194	2106			4	D
CT	2020-03-22T20:00:00.0	223	2877		43	5	A
CT	2020-03-23T20:00:00.0	415	4085		54	10	A
CT	2020-03-24T20:00:00.0	618	4682		71	12	A
CT	2020-03-25T20:00:00.0	875	5023		113	19	A
CT	2020-03-26T20:00:00.0	1012	5625		125	21	A
CT	2020-03-27T20:00:00.0	1291	7109		173	27	A
CT	2020-03-28T20:00:00.0	1291	7109		173	27	A
CT	2020-03-29T20:00:00.0	1993	9907		404	34	A
CT	2020-03-30T20:00:00.0	2571	12029		517	36	A
CT	2020-03-31T20:00:00.0	3128	13029		608	69	A
CT	2020-04-01T20:00:00.0	3557	13043		766	85	A
CT	2020-04-02T20:00:00.0	3824	14476			112	A
CT	2020-04-03T20:00:00.0	4914	15101			131	A
CT	2020-04-04T20:00:00.0	5276	16753			165	A
CT	2020-04-05T20:00:00.0	5675	17595			189	
DC	2020-03-05T21:00:00.0	0	6	2			
DC	2020-03-06T21:00:00.0	0	8	1			
DC	2020-03-07T21:00:00.0	0	8	1			
DC	2020-03-08T20:00:00.0	1	10	0			
DC	2020-03-09T20:00:00.0	1	14	3			
DC	2020-03-10T20:00:00.0	5	17	2			
DC	2020-03-11T20:00:00.0	5	20	15			
DC	2020-03-12T20:00:00.0	10	20				
DC	2020-03-13T20:00:00.0	10	20				
DC	2020-03-14T20:00:00.0	10	49	10			
DC	2020-03-15T20:00:00.0	16	79	20			
DC	2020-03-16T20:00:00.0	17	96	7			
DC	2020-03-17T20:00:00.0	22	104	0			
DC	2020-03-18T20:00:00.0	31	138	1			
DC	2020-03-19T20:00:00.0	39	153	11		0	
DC	2020-03-20T20:00:00.0	71	501	1		1	A
DC	2020-03-21T20:00:00.0	77	506	0		1	A
DC	2020-03-22T20:00:00.0	98	957			1	A
DC	2020-03-23T20:00:00.0	116	1113			2	A
DC	2020-03-24T20:00:00.0	137	1195	2		2	A
DC	2020-03-25T20:00:00.0	183	1423	3		2	A
DC	2020-03-26T20:00:00.0	231	1626	1		3	A
DC	2020-03-27T20:00:00.0	267	1897	2		3	A
DC	2020-03-28T20:00:00.0	304	2211	1		4	A
DC	2020-03-29T20:00:00.0	342	2469	1		5	A
DC	2020-03-30T20:00:00.0	401	2682	2		9	A
DC	2020-03-31T20:00:00.0	495	3262	2		9	A
DC	2020-04-01T20:00:00.0	586	3262	2		11	A
DC	2020-04-02T20:00:00.0	653	4417			12	A
DC	2020-04-03T20:00:00.0	757	4827			15	A
DC	2020-04-04T20:00:00.0	902	5536			21	A
DC	2020-04-05T20:00:00.0	998	5836			22	
DE	2020-03-06T21:00:00.0	0	10	0			
DE	2020-03-07T21:00:00.0	0	10	0			
DE	2020-03-08T20:00:00.0	0	10	0			
DE	2020-03-09T20:00:00.0	0	15	3			
DE	2020-03-10T20:00:00.0	0	17	3			
DE	2020-03-11T20:00:00.0	1	17	2			
DE	2020-03-12T20:00:00.0	4	23	14			
DE	2020-03-13T20:00:00.0	4	30	10			
DE	2020-03-14T20:00:00.0	6	36	32			
DE	2020-03-15T20:00:00.0	6	36	32			
DE	2020-03-16T20:00:00.0	8	36	32			
DE	2020-03-17T20:00:00.0	16	36				
DE	2020-03-18T20:00:00.0	25	36				
DE	2020-03-19T20:00:00.0	30	36			0	
DE	2020-03-20T20:00:00.0	38	36			0	C
DE	2020-03-21T20:00:00.0	45	36			0	C
DE	2020-03-22T20:00:00.0	56	36			0	C
DE	2020-03-23T20:00:00.0	68	36		0	0	C
DE	2020-03-24T20:00:00.0	91	36		0	0	C
DE	2020-03-25T20:00:00.0	115	36		11	0	C
DE	2020-03-26T20:00:00.0	130	36		13	1	C
DE	2020-03-27T20:00:00.0	163	36		15	2	C
DE	2020-03-28T20:00:00.0	214	36		31	3	C
DE	2020-03-29T20:00:00.0	232	36		33	6	C
DE	2020-03-30T20:00:00.0	264	2216		45	6	C
DE	2020-03-31T20:00:00.0	319	3696		64	10	C
DE	2020-04-01T20:00:00.0	368	4015		57	11	A
DE	2020-04-02T20:00:00.0	393	4566			12	A
DE	2020-04-03T20:00:00.0	450	4995			14	A
DE	2020-04-04T20:00:00.0	593	5874			14	A
DE	2020-04-05T20:00:00.0	673	6321			14	
FL	2020-03-04T21:00:00.0	2	24	16			
FL	2020-03-05T21:00:00.0	9	31	69			
FL	2020-03-06T21:00:00.0	9	55	51			
FL	2020-03-07T21:00:00.0	14	100	88			
FL	2020-03-08T20:00:00.0	17	118	108			
FL	2020-03-09T20:00:00.0	18	140	115			
FL	2020-03-10T20:00:00.0	19	222	155			
FL	2020-03-11T20:00:00.0	28	301	147		2	
FL	2020-03-12T20:00:00.0	32	301	147		2	
FL	2020-03-13T20:00:00.0	50	478	221		2	
FL	2020-03-14T20:00:00.0	77	478	221		3	
FL	2020-03-15T20:00:00.0	116	678	454		4	
FL	2020-03-16T20:00:00.0	141	684	514		4	
FL	2020-03-17T20:00:00.0	186	940	872		6	
FL	2020-03-18T20:00:00.0	314	1225	954		7	
FL	2020-03-19T20:00:00.0	390	1533	1019		8	
FL	2020-03-20T20:00:00.0	520	1870	1026		10	A
FL	2020-03-21T20:00:00.0	658	6579	1002	158	12	A
FL	2020-03-22T20:00:00.0	830	7990	963	185	13	A
FL	2020-03-23T20:00:00.0	1171	11063	860	217	14	A
FL	2020-03-24T20:00:00.0	1412	13127	1008	259	18	A
FL	2020-03-25T20:00:00.0	1682	15374	1233	316	22	A
FL	2020-03-26T20:00:00.0	2355	23741	1443	406	28	A
FL	2020-03-27T20:00:00.0	2765	28186	1517	456	34	A
FL	2020-03-28T20:00:00.0	3763	35366		526	54	A
FL	2020-03-29T20:00:00.0	4246	39070		594	56	A
FL	2020-03-30T20:00:00.0	5473	48225		652	63	A
FL	2020-03-31T20:00:00.0	6338	54285	1163	823	77	A
FL	2020-04-01T20:00:00.0	6955	59529	1235	949	87	A
FL	2020-04-02T20:00:00.0	8010	69286	1285	1123	128	A
FL	2020-04-03T20:00:00.0	9585	82137	1225	1287	163	A
FL	2020-04-04T20:00:00.0	11111	90956	1281	1462	191	A
FL	2020-04-05T20:00:00.0	12151	101253	1129	1572	218	
GA	2020-03-04T21:00:00.0	2					
GA	2020-03-05T21:00:00.0	2					
GA	2020-03-06T21:00:00.0	2					
GA	2020-03-07T21:00:00.0	6					
GA	2020-03-08T20:00:00.0	7					
GA	2020-03-09T20:00:00.0	12					
GA	2020-03-10T20:00:00.0	17					
GA	2020-03-11T20:00:00.0	22					
GA	2020-03-12T20:00:00.0	31					
GA	2020-03-13T20:00:00.0	42				1	
GA	2020-03-14T20:00:00.0	66				1	
GA	2020-03-15T20:00:00.0	99				1	
GA	2020-03-16T20:00:00.0	121				1	
GA	2020-03-17T20:00:00.0	146				1	
GA	2020-03-18T20:00:00.0	197	1311			1	
GA	2020-03-19T20:00:00.0	287	1544			10	
GA	2020-03-20T20:00:00.0	420	1966			13	A
GA	2020-03-21T20:00:00.0	507	2557			14	A
GA	2020-03-22T20:00:00.0	600	3420			23	A
GA	2020-03-23T20:00:00.0	772	4297			25	A
GA	2020-03-24T20:00:00.0	1026	4458			32	A
GA	2020-03-25T20:00:00.0	1247	4932		394	40	A
GA	2020-03-26T20:00:00.0	1525	7401		473	48	A
GA	2020-03-27T20:00:00.0	2001	7864		566	64	A
GA	2020-03-28T20:00:00.0	2366	8685		617	69	A
GA	2020-03-29T20:00:00.0	2651	9913		666	80	A
GA	2020-03-30T20:00:00.0	2809	9915		707	87	A
GA	2020-03-31T20:00:00.0	3929	12252		833	111	A
GA	2020-04-01T20:00:00.0	4638	15688		952	139	A
GA	2020-04-02T20:00:00.0	5348	17609		1056	163	A
GA	2020-04-03T20:00:00.0	5831	19434		1158	184	A
GA	2020-04-04T20:00:00.0	6160	20134		1239	201	A
GA	2020-04-05T20:00:00.0	6647	21185		1283	211	
GU	2020-03-16T20:00:00.0	3	23				
GU	2020-03-17T20:00:00.0	5	41				
GU	2020-03-18T20:00:00.0	8	57				
GU	2020-03-19T20:00:00.0	12	69				
GU	2020-03-20T20:00:00.0	14	86				
GU	2020-03-21T20:00:00.0	15	108				
GU	2020-03-22T20:00:00.0	27	126			1	
GU	2020-03-23T20:00:00.0	29	161			1	
GU	2020-03-24T20:00:00.0	32	201		5	1	
GU	2020-03-25T20:00:00.0	37	233		10	1	
GU	2020-03-26T20:00:00.0	45	263		11	1	
GU	2020-03-27T20:00:00.0	51	299		11	1	
GU	2020-03-28T20:00:00.0	55	299		15	1	
GU	2020-03-29T20:00:00.0	56	334		15	1	
GU	2020-03-30T20:00:00.0	58	352		19	1	
GU	2020-03-31T20:00:00.0	69	371		19	2	
GU	2020-04-01T20:00:00.0	77	406		19	3	
GU	2020-04-02T20:00:00.0	82	442		19	3	
GU	2020-04-03T20:00:00.0	84	459		31	4	
GU	2020-04-04T20:00:00.0	93	472		31	4	
GU	2020-04-05T20:00:00.0	112	493		31	4	
HI	2020-03-07T21:00:00.0	1					
HI	2020-03-08T20:00:00.0	1					
HI	2020-03-09T20:00:00.0	2					
HI	2020-03-10T20:00:00.0	2					
HI	2020-03-11T20:00:00.0	2					
HI	2020-03-12T20:00:00.0	2					
HI	2020-03-13T20:00:00.0	2					
HI	2020-03-14T20:00:00.0	2					
HI	2020-03-15T20:00:00.0	2					
HI	2020-03-16T20:00:00.0	7					
HI	2020-03-17T20:00:00.0	10					
HI	2020-03-18T20:00:00.0	14	93				
HI	2020-03-19T20:00:00.0	16	93				
HI	2020-03-20T20:00:00.0	26	124				A
HI	2020-03-21T20:00:00.0	37	124				A
HI	2020-03-22T20:00:00.0	48	263				A
HI	2020-03-23T20:00:00.0	56	2955				A
HI	2020-03-24T20:00:00.0	77	3589		4	1	A
HI	2020-03-25T20:00:00.0	90	4357		6	1	A
HI	2020-03-26T20:00:00.0	95	4357		5		A
HI	2020-03-27T20:00:00.0	106	4357		7		A
HI	2020-03-28T20:00:00.0	120	4357		8	0	A
HI	2020-03-29T20:00:00.0	151	6849		12	0	A
HI	2020-03-30T20:00:00.0	175	7825		12	0	A
HI	2020-03-31T20:00:00.0	204	8471		12	0	A
HI	2020-04-01T20:00:00.0	208	8721		13	1	A
HI	2020-04-02T20:00:00.0	258	10206		15	1	A
HI	2020-04-03T20:00:00.0	285	10206		15	2	A
HI	2020-04-04T20:00:00.0	319	11959		18	3	A
HI	2020-04-05T20:00:00.0	351	12604		19	4	
IA	2020-03-06T21:00:00.0	0	15	2			
IA	2020-03-07T21:00:00.0	0	15	2			
IA	2020-03-08T20:00:00.0	0	15	2			
IA	2020-03-09T20:00:00.0	3	26	8			
IA	2020-03-10T20:00:00.0	8	32	11			
IA	2020-03-11T20:00:00.0	13	46	27			
IA	2020-03-12T20:00:00.0	14	67	24			
IA	2020-03-13T20:00:00.0	16	83	29			
IA	2020-03-14T20:00:00.0	17	83				
IA	2020-03-15T20:00:00.0	18	83				
IA	2020-03-16T20:00:00.0	22	83				
IA	2020-03-17T20:00:00.0	23	83				
IA	2020-03-18T20:00:00.0	29	83				
IA	2020-03-19T20:00:00.0	38	83				
IA	2020-03-20T20:00:00.0	45	642				
IA	2020-03-21T20:00:00.0	68	1049				C
IA	2020-03-22T20:00:00.0	90	1215				C
IA	2020-03-23T20:00:00.0	105	2043				C
IA	2020-03-24T20:00:00.0	124	2315		27		C
IA	2020-03-25T20:00:00.0	145	2578		36	1	C
IA	2020-03-26T20:00:00.0	179	2578		46	1	C
IA	2020-03-27T20:00:00.0	235	3740		50	3	C
IA	2020-03-28T20:00:00.0	298	4375		61	3	C
IA	2020-03-29T20:00:00.0	336	5013		68	4	C
IA	2020-03-30T20:00:00.0	424	6162		74	6	C
IA	2020-03-31T20:00:00.0	497	6888		94	7	C
IA	2020-04-01T20:00:00.0	549	7304		99	9	A
IA	2020-04-02T20:00:00.0	614	8054		120	11	A
IA	2020-04-03T20:00:00.0	699	8754		138	11	A
IA	2020-04-04T20:00:00.0	786	9454		153	14	
IA	2020-04-05T20:00:00.0	868	9973		165	22	
ID	2020-03-07T21:00:00.0	0	27				
ID	2020-03-08T20:00:00.0	0	27				
ID	2020-03-09T20:00:00.0	0	41				
ID	2020-03-10T20:00:00.0	0	41				
ID	2020-03-11T20:00:00.0	0	67				
ID	2020-03-12T20:00:00.0	0	93				
ID	2020-03-13T20:00:00.0	0	131				
ID	2020-03-14T20:00:00.0	2	174				
ID	2020-03-15T20:00:00.0	5	174				
ID	2020-03-16T20:00:00.0	5	265				
ID	2020-03-17T20:00:00.0	7	346				
ID	2020-03-18T20:00:00.0	9	459				
ID	2020-03-19T20:00:00.0	11	459				
ID	2020-03-20T20:00:00.0	23	590				A
ID	2020-03-21T20:00:00.0	31	880				A
ID	2020-03-22T20:00:00.0	42	1175			0	A
ID	2020-03-23T20:00:00.0	47	1309			0	A
ID	2020-03-24T20:00:00.0	50	1887			0	A
ID	2020-03-25T20:00:00.0	73	1887			0	A
ID	2020-03-26T20:00:00.0	123	2065			0	A
ID	2020-03-27T20:00:00.0	189	2668			3	A
ID	2020-03-28T20:00:00.0	230	3342		25	4	A
ID	2020-03-29T20:00:00.0	261	4021		36	5	A
ID	2020-03-30T20:00:00.0	310	4396		39	6	A
ID	2020-03-31T20:00:00.0	415	5297		45	7	A
ID	2020-04-01T20:00:00.0	525	6076		46	9	A
ID	2020-04-02T20:00:00.0	669	6613		49	9	A
ID	2020-04-03T20:00:00.0	891	7054		56	9	A
ID	2020-04-04T20:00:00.0	1013	7857		62	10	A
ID	2020-04-05T20:00:00.0	1077	9184		66	10	
IL	2020-03-04T21:00:00.0	4	124	27			
IL	2020-03-05T21:00:00.0	5	165	27			
IL	2020-03-06T21:00:00.0	5	180	35			
IL	2020-03-07T21:00:00.0	6	191	44			
IL	2020-03-08T20:00:00.0	6	191	44			
IL	2020-03-09T20:00:00.0	7	191	44			
IL	2020-03-10T20:00:00.0	19	244	63			
IL	2020-03-11T20:00:00.0	19	244	63			
IL	2020-03-12T20:00:00.0	25	266	76			
IL	2020-03-13T20:00:00.0	32	294	92			
IL	2020-03-14T20:00:00.0	46	316	82			
IL	2020-03-15T20:00:00.0	64	449	195			
IL	2020-03-16T20:00:00.0	93	932				
IL	2020-03-17T20:00:00.0	159	1340			1	
IL	2020-03-18T20:00:00.0	288	1763			1	
IL	2020-03-19T20:00:00.0	422	2725			4	
IL	2020-03-20T20:00:00.0	585	3696			5	
IL	2020-03-21T20:00:00.0	753	5488			6	A
IL	2020-03-22T20:00:00.0	1049	7271			9	A
IL	2020-03-23T20:00:00.0	1273	8583			12	A
IL	2020-03-24T20:00:00.0	1535	9934			16	A
IL	2020-03-25T20:00:00.0	1865	12344			19	A
IL	2020-03-26T20:00:00.0	2538	14093			26	A
IL	2020-03-27T20:00:00.0	3026	18516			34	A
IL	2020-03-28T20:00:00.0	3491	22000			47	A
IL	2020-03-29T20:00:00.0	4596	23166			65	A
IL	2020-03-30T20:00:00.0	5057	25389			73	A
IL	2020-03-31T20:00:00.0	5994	29231			99	A
IL	2020-04-01T20:00:00.0	6980	33404			141	A
IL	2020-04-02T20:00:00.0	7695	35961			157	A
IL	2020-04-03T20:00:00.0	8904	39144			210	A
IL	2020-04-04T20:00:00.0	10357	43224			243	A
IL	2020-04-05T20:00:00.0	11256	47727			274	
IN	2020-03-06T21:00:00.0	1					
IN	2020-03-07T21:00:00.0	1					
IN	2020-03-08T20:00:00.0	2					
IN	2020-03-09T20:00:00.0	2					
IN	2020-03-10T20:00:00.0	6	30				
IN	2020-03-11T20:00:00.0	10	33				
IN	2020-03-12T20:00:00.0	12	52				
IN	2020-03-13T20:00:00.0	12	61				
IN	2020-03-14T20:00:00.0	15	74			0	
IN	2020-03-15T20:00:00.0	19	102			0	
IN	2020-03-16T20:00:00.0	24	115			1	
IN	2020-03-17T20:00:00.0	30	129			2	
IN	2020-03-18T20:00:00.0	39	154			2	
IN	2020-03-19T20:00:00.0	56	324			2	
IN	2020-03-20T20:00:00.0	79	475			2	B
IN	2020-03-21T20:00:00.0	126	707		1	4	B
IN	2020-03-22T20:00:00.0	201	1293		1	6	B
IN	2020-03-23T20:00:00.0	259	1701		1	7	B
IN	2020-03-24T20:00:00.0	365	2566		1	12	B
IN	2020-03-25T20:00:00.0	477	2879		1	14	B
IN	2020-03-26T20:00:00.0	645	4006			17	B
IN	2020-03-27T20:00:00.0	981	5955			24	B
IN	2020-03-28T20:00:00.0	1232	7175			31	B
IN	2020-03-29T20:00:00.0	1514	8316			32	B
IN	2020-03-30T20:00:00.0	1786	9872			35	B
IN	2020-03-31T20:00:00.0	2159	11214			49	B
IN	2020-04-01T20:00:00.0	2565	11810			65	B
IN	2020-04-02T20:00:00.0	3039	13246			78	B
IN	2020-04-03T20:00:00.0	3437	14398			102	B
IN	2020-04-04T20:00:00.0	3953	15847			116	
IN	2020-04-05T20:00:00.0	4411	18241			127	
KS	2020-03-06T21:00:00.0	0	4	0			
KS	2020-03-07T21:00:00.0	0	11	2			
KS	2020-03-08T20:00:00.0	1	11	0			
KS	2020-03-09T20:00:00.0	1	11	0			
KS	2020-03-10T20:00:00.0	1	17	21			
KS	2020-03-11T20:00:00.0	1	41				
KS	2020-03-12T20:00:00.0	4	41				
KS	2020-03-13T20:00:00.0	6	93				
KS	2020-03-14T20:00:00.0	6	93			1	
KS	2020-03-15T20:00:00.0	8	135			1	
KS	2020-03-16T20:00:00.0	11	166			1	
KS	2020-03-17T20:00:00.0	15	382			1	
KS	2020-03-18T20:00:00.0	16	417			1	
KS	2020-03-19T20:00:00.0	34	417			1	
KS	2020-03-20T20:00:00.0	44	417			1	B
KS	2020-03-21T20:00:00.0	55	417			2	B
KS	2020-03-22T20:00:00.0	64	417			2	B
KS	2020-03-23T20:00:00.0	82	417			2	B
KS	2020-03-24T20:00:00.0	98	2086			2	B
KS	2020-03-25T20:00:00.0	126	2360			3	B
KS	2020-03-26T20:00:00.0	168	2869			3	B
KS	2020-03-27T20:00:00.0	202	3229		27	4	B
KS	2020-03-28T20:00:00.0	261	3671		27	5	B
KS	2020-03-29T20:00:00.0	319	4194		55	6	B
KS	2020-03-30T20:00:00.0	368	4554		66	8	B
KS	2020-03-31T20:00:00.0	428	4996		79	9	B
KS	2020-04-01T20:00:00.0	482	5411		114	10	B
KS	2020-04-02T20:00:00.0	552	6059		138	13	B
KS	2020-04-03T20:00:00.0	620	6454		151	17	B
KS	2020-04-04T20:00:00.0	698	6880		172	21	
KS	2020-04-05T20:00:00.0	747	7476		183	22	
KY	2020-03-06T21:00:00.0	0	7	3			
KY	2020-03-07T21:00:00.0	1	9				
KY	2020-03-08T20:00:00.0	1	13				
KY	2020-03-09T20:00:00.0	4	17				
KY	2020-03-10T20:00:00.0	6	28				
KY	2020-03-11T20:00:00.0	8	46				
KY	2020-03-12T20:00:00.0	8	56				
KY	2020-03-13T20:00:00.0	11	107				
KY	2020-03-14T20:00:00.0	14	139				
KY	2020-03-15T20:00:00.0	16	139				
KY	2020-03-16T20:00:00.0	21	234			1	
KY	2020-03-17T20:00:00.0	22	295			1	
KY	2020-03-18T20:00:00.0	26	354			1	
KY	2020-03-19T20:00:00.0	35	454			1	
KY	2020-03-20T20:00:00.0	47	592			1	A
KY	2020-03-21T20:00:00.0	54	714			2	A
KY	2020-03-22T20:00:00.0	99	1472			3	A
KY	2020-03-23T20:00:00.0	104	1762			3	A
KY	2020-03-24T20:00:00.0	124	1762			4	A
KY	2020-03-25T20:00:00.0	157	2865			4	A
KY	2020-03-26T20:00:00.0	198	3102			4	A
KY	2020-03-27T20:00:00.0	248	3768			6	A
KY	2020-03-28T20:00:00.0	302	4821			8	A
KY	2020-03-29T20:00:00.0	394	5147			9	A
KY	2020-03-30T20:00:00.0	439	5579			9	A
KY	2020-03-31T20:00:00.0	480	6330			11	A
KY	2020-04-01T20:00:00.0	591	6965			17	A
KY	2020-04-02T20:00:00.0	680	7220			20	A
KY	2020-04-03T20:00:00.0	770	12034			31	A
KY	2020-04-04T20:00:00.0	831	14741			37	A
KY	2020-04-05T20:00:00.0	917	15746			40	
LA	2020-03-07T21:00:00.0	0					
LA	2020-03-08T20:00:00.0	0	5				
LA	2020-03-09T20:00:00.0	1	5				
LA	2020-03-10T20:00:00.0	1	11				
LA	2020-03-11T20:00:00.0	6	37				
LA	2020-03-12T20:00:00.0	14	37				
LA	2020-03-13T20:00:00.0	36	37				
LA	2020-03-14T20:00:00.0	69	109				
LA	2020-03-15T20:00:00.0	91	156			2	
LA	2020-03-16T20:00:00.0	114	188			2	
LA	2020-03-17T20:00:00.0	171	286			4	
LA	2020-03-18T20:00:00.0	240	335			6	
LA	2020-03-19T20:00:00.0	347	458			8	
LA	2020-03-20T20:00:00.0	479	568			12	B
LA	2020-03-21T20:00:00.0	585	2180			16	B
LA	2020-03-22T20:00:00.0	837	2661			20	A
LA	2020-03-23T20:00:00.0	1172	4776			34	A
LA	2020-03-24T20:00:00.0	1388	7215		271	46	A
LA	2020-03-25T20:00:00.0	1795	9656		491	65	A
LA	2020-03-26T20:00:00.0	2305	15724		676	83	A
LA	2020-03-27T20:00:00.0	2746	18613		773	119	A
LA	2020-03-28T20:00:00.0	3315	21846		927	137	A
LA	2020-03-29T20:00:00.0	3540	24331		1127	151	A
LA	2020-03-30T20:00:00.0	4025	30008		1185	185	A
LA	2020-03-31T20:00:00.0	5237	33730		1355	239	A
LA	2020-04-01T20:00:00.0	6424	39352		1498	273	A
LA	2020-04-02T20:00:00.0	9150	41936		1639	310	A
LA	2020-04-03T20:00:00.0	10297	43348		1707	370	A
LA	2020-04-04T20:00:00.0	12496	46002			409	
LA	2020-04-05T20:00:00.0	13010	47315			477	
MA	2020-03-04T21:00:00.0	2					
MA	2020-03-05T21:00:00.0	2					
MA	2020-03-06T21:00:00.0	8					
MA	2020-03-07T21:00:00.0	13					
MA	2020-03-08T20:00:00.0	13					
MA	2020-03-09T20:00:00.0	41					
MA	2020-03-10T20:00:00.0	92					
MA	2020-03-11T20:00:00.0	92					
MA	2020-03-12T20:00:00.0	95					
MA	2020-03-13T20:00:00.0	123	92				
MA	2020-03-14T20:00:00.0	138	352				
MA	2020-03-15T20:00:00.0	138	352				
MA	2020-03-16T20:00:00.0	164	352				
MA	2020-03-17T20:00:00.0	218	1541				
MA	2020-03-18T20:00:00.0	256	2015				
MA	2020-03-19T20:00:00.0	328	2804				
MA	2020-03-20T20:00:00.0	413	3678			1	
MA	2020-03-21T20:00:00.0	525	4752		61	1	B
MA	2020-03-22T20:00:00.0	646	5459		71	5	B
MA	2020-03-23T20:00:00.0	777	8145		79	9	B
MA	2020-03-24T20:00:00.0	1159	12590		94	11	B
MA	2020-03-25T20:00:00.0	1838	17956		103	15	B
MA	2020-03-26T20:00:00.0	2417	21204		219	25	B
MA	2020-03-27T20:00:00.0	3240	26131		219	35	B
MA	2020-03-28T20:00:00.0	4257	30792		350	44	B
MA	2020-03-29T20:00:00.0	4955	34111		399	48	B
MA	2020-03-30T20:00:00.0	5752	37041		453	56	B
MA	2020-03-31T20:00:00.0	6620	40315		562	89	B
MA	2020-04-01T20:00:00.0	7738	44000		682	122	B
MA	2020-04-02T20:00:00.0	8966	47642		813	154	B
MA	2020-04-03T20:00:00.0	10402	52560		966	192	B
MA	2020-04-04T20:00:00.0	11736	57064		1068	216	B
MA	2020-04-05T20:00:00.0	12500	59437		1145	231	
MD	2020-03-05T21:00:00.0	0	17	14			
MD	2020-03-06T21:00:00.0	3	26	12			
MD	2020-03-07T21:00:00.0	3	41				
MD	2020-03-08T20:00:00.0	3	52				
MD	2020-03-09T20:00:00.0	5	73				
MD	2020-03-10T20:00:00.0	6	89				
MD	2020-03-11T20:00:00.0	9	94				
MD	2020-03-12T20:00:00.0	12	94				
MD	2020-03-13T20:00:00.0	17	94				
MD	2020-03-14T20:00:00.0	26	94				
MD	2020-03-15T20:00:00.0	31	94				
MD	2020-03-16T20:00:00.0	37	94				
MD	2020-03-17T20:00:00.0	57	94				
MD	2020-03-18T20:00:00.0	85	94				
MD	2020-03-19T20:00:00.0	107	94			1	
MD	2020-03-20T20:00:00.0	149	94			1	D
MD	2020-03-21T20:00:00.0	190	94			2	D
MD	2020-03-22T20:00:00.0	244	94			3	D
MD	2020-03-23T20:00:00.0	288	94			3	D
MD	2020-03-24T20:00:00.0	349	94			3	D
MD	2020-03-25T20:00:00.0	423	94			4	D
MD	2020-03-26T20:00:00.0	580	94		132	4	D
MD	2020-03-27T20:00:00.0	774	94		173	5	D
MD	2020-03-28T20:00:00.0	992	11516		226	5	D
MD	2020-03-29T20:00:00.0	1239	12354		277	10	A
MD	2020-03-30T20:00:00.0	1413	13316		353	15	A
MD	2020-03-31T20:00:00.0	1660	14868		429	18	A
MD	2020-04-01T20:00:00.0	1985	17233		522	31	A
MD	2020-04-02T20:00:00.0	2331	18890		582	36	A
MD	2020-04-03T20:00:00.0	2758	20932		664	42	A
MD	2020-04-04T20:00:00.0	3125	22485		821	53	
MD	2020-04-05T20:00:00.0	3609	24728		936	67	
ME	2020-03-07T21:00:00.0	0	1				
ME	2020-03-08T20:00:00.0	0	1				
ME	2020-03-09T20:00:00.0	0	1				
ME	2020-03-10T20:00:00.0	0	20	5			
ME	2020-03-11T20:00:00.0	0	42	5			
ME	2020-03-12T20:00:00.0	1	65	20			
ME	2020-03-13T20:00:00.0	3	91	17			
ME	2020-03-14T20:00:00.0	3	91	17			
ME	2020-03-15T20:00:00.0	3	91	17			
ME	2020-03-16T20:00:00.0	17	764				
ME	2020-03-17T20:00:00.0	32	1303				
ME	2020-03-18T20:00:00.0	43	1670				
ME	2020-03-19T20:00:00.0	53	2004				
ME	2020-03-20T20:00:00.0	57	2264				A
ME	2020-03-21T20:00:00.0	73	2264				A
ME	2020-03-22T20:00:00.0	89	2264				A
ME	2020-03-23T20:00:00.0	107	2791				A
ME	2020-03-24T20:00:00.0	125	3014				A
ME	2020-03-25T20:00:00.0	149	3177				A
ME	2020-03-26T20:00:00.0	155	3394				A
ME	2020-03-27T20:00:00.0	168	3394			1	A
ME	2020-03-28T20:00:00.0	211	3394			1	A
ME	2020-03-29T20:00:00.0	253	3394			3	A
ME	2020-03-30T20:00:00.0	275	3394		49	3	A
ME	2020-03-31T20:00:00.0	303	6088		57	5	A
ME	2020-04-01T20:00:00.0	344	6088		63	7	A
ME	2020-04-02T20:00:00.0	376	6088		68	7	A
ME	2020-04-03T20:00:00.0	432	6088		75	9	A
ME	2020-04-04T20:00:00.0	456	6088		83	10	A
ME	2020-04-05T20:00:00.0	470	6088		86	10	
MI	2020-03-05T21:00:00.0	0	8	0			
MI	2020-03-06T21:00:00.0	0	8	8			
MI	2020-03-07T21:00:00.0	0	18	9			
MI	2020-03-08T20:00:00.0	0	26	10			
MI	2020-03-09T20:00:00.0	0	36	11			
MI	2020-03-10T20:00:00.0	0	39	24			
MI	2020-03-11T20:00:00.0	2	57	18			
MI	2020-03-12T20:00:00.0	2	91	27			
MI	2020-03-13T20:00:00.0	16	133	26			
MI	2020-03-14T20:00:00.0	25	205	26			
MI	2020-03-15T20:00:00.0	33	205	26			
MI	2020-03-16T20:00:00.0	53	272	30			
MI	2020-03-17T20:00:00.0	65	272				
MI	2020-03-18T20:00:00.0	80	272				
MI	2020-03-19T20:00:00.0	336	2113			3	
MI	2020-03-20T20:00:00.0	549	2069			3	A
MI	2020-03-21T20:00:00.0	787	2069			5	A
MI	2020-03-22T20:00:00.0	1035	2069			8	D
MI	2020-03-23T20:00:00.0	1328	2069			15	D
MI	2020-03-24T20:00:00.0	1791	2069			24	D
MI	2020-03-25T20:00:00.0	2294	2069			43	D
MI	2020-03-26T20:00:00.0	2856	6550			60	D
MI	2020-03-27T20:00:00.0	3657	6550			92	B
MI	2020-03-28T20:00:00.0	3657	9109			92	B
MI	2020-03-29T20:00:00.0	5486	11893			132	B
MI	2020-03-30T20:00:00.0	6498	11893			184	B
MI	2020-03-31T20:00:00.0	7615	11893			259	B
MI	2020-04-01T20:00:00.0	9334	11893			337	B
MI	2020-04-02T20:00:00.0	10791	11893			417	B
MI	2020-04-03T20:00:00.0	12744	11893			479	B
MI	2020-04-04T20:00:00.0	14225	11893			540	
MI	2020-04-05T20:00:00.0	15718	30030			617	
MN	2020-03-06T21:00:00.0	0	36				
MN	2020-03-07T21:00:00.0	1	48				
MN	2020-03-08T20:00:00.0	1	48				
MN	2020-03-09T20:00:00.0	2	80				
MN	2020-03-10T20:00:00.0	3	132				
MN	2020-03-11T20:00:00.0	5	217				
MN	2020-03-12T20:00:00.0	9	307				
MN	2020-03-13T20:00:00.0	14	541				
MN	2020-03-14T20:00:00.0	21	847				
MN	2020-03-15T20:00:00.0	35	1387				
MN	2020-03-16T20:00:00.0	54	1839				
MN	2020-03-17T20:00:00.0	60	2276				
MN	2020-03-18T20:00:00.0	77	2685				
MN	2020-03-19T20:00:00.0	89	2949				
MN	2020-03-20T20:00:00.0	115	3741				A
MN	2020-03-21T20:00:00.0	138	3952			1	A
MN	2020-03-22T20:00:00.0	169	4511		12	1	A
MN	2020-03-23T20:00:00.0	235	4511		17	1	A
MN	2020-03-24T20:00:00.0	262	5550		21	1	A
MN	2020-03-25T20:00:00.0	287	11188		35	1	A
MN	2020-03-26T20:00:00.0	346	12604		41	2	A
MN	2020-03-27T20:00:00.0	398	13605		51	4	A
MN	2020-03-28T20:00:00.0	441	15688		57	5	A
MN	2020-03-29T20:00:00.0	503	17154		75	9	A
MN	2020-03-30T20:00:00.0	576	18246		92	10	A
MN	2020-03-31T20:00:00.0	629	19151		112	12	A
MN	2020-04-01T20:00:00.0	689	20502		122	17	A
MN	2020-04-02T20:00:00.0	742	21652		138	18	A
MN	2020-04-03T20:00:00.0	789	23438		156	22	A
MN	2020-04-04T20:00:00.0	865	24558		180	24	A
MN	2020-04-05T20:00:00.0	935	25842		202	29	
MO	2020-03-07T21:00:00.0	0					
MO	2020-03-08T20:00:00.0	1					
MO	2020-03-09T20:00:00.0	1					
MO	2020-03-10T20:00:00.0	1					
MO	2020-03-11T20:00:00.0	1					
MO	2020-03-12T20:00:00.0	1	64				
MO	2020-03-13T20:00:00.0	2	71				
MO	2020-03-14T20:00:00.0	4	90			0	
MO	2020-03-15T20:00:00.0	5	122			0	
MO	2020-03-16T20:00:00.0	6	164			0	
MO	2020-03-17T20:00:00.0	8	207			0	
MO	2020-03-18T20:00:00.0	13	253			0	
MO	2020-03-19T20:00:00.0	24	308			1	
MO	2020-03-20T20:00:00.0	47	369			1	B
MO	2020-03-21T20:00:00.0	73	369			3	B
MO	2020-03-22T20:00:00.0	90	369			3	C
MO	2020-03-23T20:00:00.0	183	369			3	C
MO	2020-03-24T20:00:00.0	183	369			3	C
MO	2020-03-25T20:00:00.0	356	369			8	C
MO	2020-03-26T20:00:00.0	502	369			8	C
MO	2020-03-27T20:00:00.0	669	369			8	C
MO	2020-03-28T20:00:00.0	838	10082			10	C
MO	2020-03-29T20:00:00.0	838	11547			10	C
MO	2020-03-30T20:00:00.0	1031	13204			13	C
MO	2020-03-31T20:00:00.0	1327	14614			14	C
MO	2020-04-01T20:00:00.0	1581	15846			18	A
MO	2020-04-02T20:00:00.0	1834	17849			19	A
MO	2020-04-03T20:00:00.0	2113	19357			19	A
MO	2020-04-04T20:00:00.0	2291	22614			24	A
MO	2020-04-05T20:00:00.0	2367	24882			34	
MP	2020-03-16T20:00:00.0	0					
MP	2020-03-17T20:00:00.0	0					
MP	2020-03-18T20:00:00.0	0				0	
MP	2020-03-19T20:00:00.0	0				0	
MP	2020-03-20T20:00:00.0	0				0	
MP	2020-03-21T20:00:00.0	0				0	
MP	2020-03-22T20:00:00.0	0				0	
MP	2020-03-23T20:00:00.0	0				0	
MP	2020-03-24T20:00:00.0	0				0	
MP	2020-03-25T20:00:00.0	0				0	
MP	2020-03-26T20:00:00.0	0				0	
MP	2020-03-27T20:00:00.0	0				0	
MP	2020-03-28T20:00:00.0	2					
MP	2020-03-29T20:00:00.0	2					
MP	2020-03-30T20:00:00.0	2					
MP	2020-03-31T20:00:00.0	2					
MP	2020-04-01T20:00:00.0	6					
MP	2020-04-02T20:00:00.0	8	13	12		1	
MP	2020-04-03T20:00:00.0	8	13	10		1	
MP	2020-04-04T20:00:00.0	8	13	10		1	
MP	2020-04-05T20:00:00.0	8	13	10		1	
MS	2020-03-07T21:00:00.0	0					
MS	2020-03-08T20:00:00.0	0					
MS	2020-03-09T20:00:00.0	0					
MS	2020-03-10T20:00:00.0	0					
MS	2020-03-11T20:00:00.0	0	20				
MS	2020-03-12T20:00:00.0	1	41				
MS	2020-03-13T20:00:00.0	4	41				
MS	2020-03-14T20:00:00.0	6	84				
MS	2020-03-15T20:00:00.0	10	84				
MS	2020-03-16T20:00:00.0	12	277				
MS	2020-03-17T20:00:00.0	21	368				
MS	2020-03-18T20:00:00.0	34	479				
MS	2020-03-19T20:00:00.0	50	552				
MS	2020-03-20T20:00:00.0	80	695			1	B
MS	2020-03-21T20:00:00.0	140	695			1	B
MS	2020-03-22T20:00:00.0	207	1114		33	1	B
MS	2020-03-23T20:00:00.0	249	1143		33	1	B
MS	2020-03-24T20:00:00.0	320	1552		86	1	B
MS	2020-03-25T20:00:00.0	377	1566		117	2	B
MS	2020-03-26T20:00:00.0	485	2291		150	6	B
MS	2020-03-27T20:00:00.0	579	2560		185	8	B
MS	2020-03-28T20:00:00.0	663	2560		219	13	B
MS	2020-03-29T20:00:00.0	758	2560		235	14	B
MS	2020-03-30T20:00:00.0	847	2989		195	16	B
MS	2020-03-31T20:00:00.0	937	3537		211	20	B
MS	2020-04-01T20:00:00.0	1073	3712		332	22	B
MS	2020-04-02T20:00:00.0	1177	4753		360	26	B
MS	2020-04-03T20:00:00.0	1358	4753		420	29	B
MS	2020-04-04T20:00:00.0	1455	5133		436	35	B
MS	2020-04-05T20:00:00.0	1638	5580		475	43	
MT	2020-03-07T21:00:00.0	0	11				
MT	2020-03-08T20:00:00.0	0	11				
MT	2020-03-09T20:00:00.0	0	11	0			
MT	2020-03-10T20:00:00.0	0	15				
MT	2020-03-11T20:00:00.0	0	21				
MT	2020-03-12T20:00:00.0	1	34				
MT	2020-03-13T20:00:00.0	1	55				
MT	2020-03-14T20:00:00.0	5	103				
MT	2020-03-15T20:00:00.0	7	103	57			
MT	2020-03-16T20:00:00.0	7	198	0			
MT	2020-03-17T20:00:00.0	8	303	0			
MT	2020-03-18T20:00:00.0	10	499	0			
MT	2020-03-19T20:00:00.0	12	761	0			
MT	2020-03-20T20:00:00.0	16	931				B
MT	2020-03-21T20:00:00.0	20	1146				B
MT	2020-03-22T20:00:00.0	31	1146				B
MT	2020-03-23T20:00:00.0	34	1146				C
MT	2020-03-24T20:00:00.0	46	1643				C
MT	2020-03-25T20:00:00.0	53	1948				C
MT	2020-03-26T20:00:00.0	71	2128		1		C
MT	2020-03-27T20:00:00.0	108	2590		7		A
MT	2020-03-28T20:00:00.0	129	3256		7	1	A
MT	2020-03-29T20:00:00.0	154	4143		8	1	A
MT	2020-03-30T20:00:00.0	171	3961		10	4	A
MT	2020-03-31T20:00:00.0	184	4234		14	4	A
MT	2020-04-01T20:00:00.0	208	4710		17	5	A
MT	2020-04-02T20:00:00.0	227	5093		20	5	A
MT	2020-04-03T20:00:00.0	243	5333		24	5	A
MT	2020-04-04T20:00:00.0	265	5912		24	5	A
MT	2020-04-05T20:00:00.0	286	6317		24	6	
NC	2020-03-04T21:00:00.0	1					
NC	2020-03-05T21:00:00.0	1					
NC	2020-03-06T21:00:00.0	2					
NC	2020-03-07T21:00:00.0	2					
NC	2020-03-08T20:00:00.0	2					
NC	2020-03-09T20:00:00.0	2					
NC	2020-03-10T20:00:00.0	7					
NC	2020-03-11T20:00:00.0	7					
NC	2020-03-12T20:00:00.0	12	60				
NC	2020-03-13T20:00:00.0	15	86				
NC	2020-03-14T20:00:00.0	23	137				
NC	2020-03-15T20:00:00.0	32	227	151			
NC	2020-03-16T20:00:00.0	33	296	151		0	
NC	2020-03-17T20:00:00.0	40	474			0	
NC	2020-03-18T20:00:00.0	63	1787			0	
NC	2020-03-19T20:00:00.0	97	2408			0	
NC	2020-03-20T20:00:00.0	137	3096			0	B
NC	2020-03-21T20:00:00.0	184	5092			0	B
NC	2020-03-22T20:00:00.0	255	6183			0	A
NC	2020-03-23T20:00:00.0	297	8141			0	A
NC	2020-03-24T20:00:00.0	398	8141			0	A
NC	2020-03-25T20:00:00.0	504	9985		29	1	A
NC	2020-03-26T20:00:00.0	636	12274		29	2	A
NC	2020-03-27T20:00:00.0	763	14373		77	3	A
NC	2020-03-28T20:00:00.0	935	16592		87	4	A
NC	2020-03-29T20:00:00.0	1040	17905		91	4	A
NC	2020-03-30T20:00:00.0	1307	19557		137	6	A
NC	2020-03-31T20:00:00.0	1498	21608		157	8	A
NC	2020-04-01T20:00:00.0	1584	24659		204	10	A
NC	2020-04-02T20:00:00.0	1857	26822		204	16	A
NC	2020-04-03T20:00:00.0	2093	29505		259	19	A
NC	2020-04-04T20:00:00.0	2402	36371		259	24	A
NC	2020-04-05T20:00:00.0	2585	37460			31	
ND	2020-03-07T21:00:00.0	0	0				
ND	2020-03-08T20:00:00.0	0	0				
ND	2020-03-09T20:00:00.0	0	0				
ND	2020-03-10T20:00:00.0	0	6	2			
ND	2020-03-11T20:00:00.0	0	7	6			
ND	2020-03-12T20:00:00.0	1	12	14			
ND	2020-03-13T20:00:00.0	1	39	12		0	
ND	2020-03-14T20:00:00.0	1	54	14		0	
ND	2020-03-15T20:00:00.0	1	95	4		0	
ND	2020-03-16T20:00:00.0	1	123	0		0	
ND	2020-03-17T20:00:00.0	3	220	0		0	
ND	2020-03-18T20:00:00.0	6	268			0	
ND	2020-03-19T20:00:00.0	15	493			0	
ND	2020-03-20T20:00:00.0	20	800			0	B
ND	2020-03-21T20:00:00.0	28	1141		3	0	B
ND	2020-03-22T20:00:00.0	28	1260		3	0	B
ND	2020-03-23T20:00:00.0	30	1353		4	0	B
ND	2020-03-24T20:00:00.0	34	1454		5	0	B
ND	2020-03-25T20:00:00.0	39	1734		8	0	B
ND	2020-03-26T20:00:00.0	52	2039		10	0	B
ND	2020-03-27T20:00:00.0	65	2427		13	0	B
ND	2020-03-28T20:00:00.0	83	2809		16	1	B
ND	2020-03-29T20:00:00.0	98	3355		17	1	B
ND	2020-03-30T20:00:00.0	109	3728		19	2	B
ND	2020-03-31T20:00:00.0	126	4131		21	3	B
ND	2020-04-01T20:00:00.0	142	4351		23	3	B
ND	2020-04-02T20:00:00.0	159	4821		28	3	B
ND	2020-04-03T20:00:00.0	173	5625		29	3	B
ND	2020-04-04T20:00:00.0	186	6021		30	3	B
ND	2020-04-05T20:00:00.0	207	6580		31	3	
NE	2020-03-05T21:00:00.0	0	17	5			
NE	2020-03-06T21:00:00.0	0	17	5			
NE	2020-03-07T21:00:00.0	1	17	5			
NE	2020-03-08T20:00:00.0	1	17	5			
NE	2020-03-09T20:00:00.0	3	36	9			
NE	2020-03-10T20:00:00.0	3	47	16			
NE	2020-03-11T20:00:00.0	5	47	16			
NE	2020-03-12T20:00:00.0	10	80	33			
NE	2020-03-13T20:00:00.0	13	80	33			
NE	2020-03-14T20:00:00.0	14	80	33			
NE	2020-03-15T20:00:00.0	17	80	33			
NE	2020-03-16T20:00:00.0	18	170				
NE	2020-03-17T20:00:00.0	21	206				
NE	2020-03-18T20:00:00.0	24	206				
NE	2020-03-19T20:00:00.0	27	240			0	
NE	2020-03-20T20:00:00.0	32	240			0	A
NE	2020-03-21T20:00:00.0	38	356			0	A
NE	2020-03-22T20:00:00.0	48	356			0	A
NE	2020-03-23T20:00:00.0	50	356			0	A
NE	2020-03-24T20:00:00.0	52	975			0	A
NE	2020-03-25T20:00:00.0	61	1304			0	A
NE	2020-03-26T20:00:00.0	73	1584			0	A
NE	2020-03-27T20:00:00.0	85	1761			0	A
NE	2020-03-28T20:00:00.0	96	1904			2	A
NE	2020-03-29T20:00:00.0	108	1968	4		2	A
NE	2020-03-30T20:00:00.0	145	2584	5		2	A
NE	2020-03-31T20:00:00.0	172	2931	8		3	A
NE	2020-04-01T20:00:00.0	210	3475	8		4	A
NE	2020-04-02T20:00:00.0	246	3978	11		5	A
NE	2020-04-03T20:00:00.0	279	4487	11		6	A
NE	2020-04-04T20:00:00.0	321	5058	10		6	A
NE	2020-04-05T20:00:00.0	363	5558	12		8	
NH	2020-03-04T21:00:00.0	2	10	7			
NH	2020-03-05T21:00:00.0	2	16	4			
NH	2020-03-06T21:00:00.0	2	20	3			
NH	2020-03-07T21:00:00.0	2	20	3			
NH	2020-03-08T20:00:00.0	4	38	5			
NH	2020-03-09T20:00:00.0	4	38	5			
NH	2020-03-10T20:00:00.0	4	38	5			
NH	2020-03-11T20:00:00.0	4	38	5			
NH	2020-03-12T20:00:00.0	6	94	21			
NH	2020-03-13T20:00:00.0	6	94	21			
NH	2020-03-14T20:00:00.0	7	212	31			
NH	2020-03-15T20:00:00.0	13	271	95			
NH	2020-03-16T20:00:00.0	13	271	95			
NH	2020-03-17T20:00:00.0	17	355	195			
NH	2020-03-18T20:00:00.0	26	513	208			
NH	2020-03-19T20:00:00.0	39	621	231			
NH	2020-03-20T20:00:00.0	44	745	631			B
NH	2020-03-21T20:00:00.0	55	973	942			B
NH	2020-03-22T20:00:00.0	65	1188	959			B
NH	2020-03-23T20:00:00.0	78	1374	889			B
NH	2020-03-24T20:00:00.0	101	1447	869	11	1	B
NH	2020-03-25T20:00:00.0	108	2356	804	13	1	B
NH	2020-03-26T20:00:00.0	137	3001	712	19	1	B
NH	2020-03-27T20:00:00.0	158	3395	592	25	1	B
NH	2020-03-28T20:00:00.0	187	3656	296	30	2	B
NH	2020-03-29T20:00:00.0	214	4524	285	33	2	B
NH	2020-03-30T20:00:00.0	314	5386	144	45	3	B
NH	2020-03-31T20:00:00.0	314	5413	65	45	3	B
NH	2020-04-01T20:00:00.0	415	5985	97	59	4	B
NH	2020-04-02T20:00:00.0	415	6078	126	59	4	B
NH	2020-04-03T20:00:00.0	479	6575	114	73	5	B
NH	2020-04-04T20:00:00.0	540	6965	94	80	7	B
NH	2020-04-05T20:00:00.0	621	7411	93	86	9	
NJ	2020-03-05T21:00:00.0	1					
NJ	2020-03-06T21:00:00.0	1					
NJ	2020-03-07T21:00:00.0	4		1			
NJ	2020-03-08T20:00:00.0	6	31	0			
NJ	2020-03-09T20:00:00.0	11	35	14			
NJ	2020-03-10T20:00:00.0	15	44	20			
NJ	2020-03-11T20:00:00.0	24	57	20		1	
NJ	2020-03-12T20:00:00.0	30	74	20		1	
NJ	2020-03-13T20:00:00.0	50	97	80		1	
NJ	2020-03-14T20:00:00.0	50	97	80		1	
NJ	2020-03-15T20:00:00.0	98	120	34		2	
NJ	2020-03-16T20:00:00.0	178	120	20		2	
NJ	2020-03-17T20:00:00.0	267	163	55		3	
NJ	2020-03-18T20:00:00.0	427	190	21		5	
NJ	2020-03-19T20:00:00.0	742	210	74		9	
NJ	2020-03-20T20:00:00.0	890	264	86		11	B
NJ	2020-03-21T20:00:00.0	1327	294	40		16	B
NJ	2020-03-22T20:00:00.0	1914	327	49		20	B
NJ	2020-03-23T20:00:00.0	2844	359	94		27	B
NJ	2020-03-24T20:00:00.0	3675	8325	45		44	B
NJ	2020-03-25T20:00:00.0	4402	10452			62	B
NJ	2020-03-26T20:00:00.0	6876	13661			81	B
NJ	2020-03-27T20:00:00.0	8825	16547			108	A
NJ	2020-03-28T20:00:00.0	11124	19386			140	A
NJ	2020-03-29T20:00:00.0	13386	22216			161	A
NJ	2020-03-30T20:00:00.0	16636	25224			198	A
NJ	2020-03-31T20:00:00.0	18696	27077			267	A
NJ	2020-04-01T20:00:00.0	22255	30387			355	A
NJ	2020-04-02T20:00:00.0	25590	33520			537	A
NJ	2020-04-03T20:00:00.0	29895	37608			646	A
NJ	2020-04-04T20:00:00.0	34124	41232			846	A
NJ	2020-04-05T20:00:00.0	37505	44661			917	
NM	2020-03-06T21:00:00.0	0	16	0			
NM	2020-03-07T21:00:00.0	0	48	0			
NM	2020-03-08T20:00:00.0	0	48	0			
NM	2020-03-09T20:00:00.0	0	57	0			
NM	2020-03-10T20:00:00.0	0	69				
NM	2020-03-11T20:00:00.0	3	87				
NM	2020-03-12T20:00:00.0	5	155				
NM	2020-03-13T20:00:00.0	10	190				
NM	2020-03-14T20:00:00.0	10	237				
NM	2020-03-15T20:00:00.0	13	482				
NM	2020-03-16T20:00:00.0	17	566				
NM	2020-03-17T20:00:00.0	23	1249				
NM	2020-03-18T20:00:00.0	28	2326				
NM	2020-03-19T20:00:00.0	35	2762				
NM	2020-03-20T20:00:00.0	43	3771				A
NM	2020-03-21T20:00:00.0	57	3771				A
NM	2020-03-22T20:00:00.0	57	4722				A
NM	2020-03-23T20:00:00.0	65	5321				A
NM	2020-03-24T20:00:00.0	83	5890				A
NM	2020-03-25T20:00:00.0	100	6742			1	A
NM	2020-03-26T20:00:00.0	112	7681			1	A
NM	2020-03-27T20:00:00.0	136	8377			1	A
NM	2020-03-28T20:00:00.0	191	9196		17	1	A
NM	2020-03-29T20:00:00.0	237	10769		19	2	A
NM	2020-03-30T20:00:00.0	237	10942		22	2	A
NM	2020-03-31T20:00:00.0	281	12246		22	4	A
NM	2020-04-01T20:00:00.0	315	12925		24	5	A
NM	2020-04-02T20:00:00.0	363	13648		31	6	A
NM	2020-04-03T20:00:00.0	403	14375		31	7	A
NM	2020-04-04T20:00:00.0	495	15137			10	A
NM	2020-04-05T20:00:00.0	543	16285			11	
NV	2020-03-05T21:00:00.0	1	14				
NV	2020-03-06T21:00:00.0	1	14				
NV	2020-03-07T21:00:00.0	1	14				
NV	2020-03-08T20:00:00.0	1	14				
NV	2020-03-09T20:00:00.0	1	14				
NV	2020-03-10T20:00:00.0	0	14				
NV	2020-03-11T20:00:00.0	5	168				
NV	2020-03-12T20:00:00.0	7	168				
NV	2020-03-13T20:00:00.0	11	168				
NV	2020-03-14T20:00:00.0	20	168				
NV	2020-03-15T20:00:00.0	21	168	164			
NV	2020-03-16T20:00:00.0	45	168			1	
NV	2020-03-17T20:00:00.0	55	168			1	
NV	2020-03-18T20:00:00.0	55	168			1	
NV	2020-03-19T20:00:00.0	95	1626			1	
NV	2020-03-20T20:00:00.0	109	1992	-3		1	A
NV	2020-03-21T20:00:00.0	124	2384			2	A
NV	2020-03-22T20:00:00.0	190	2448			2	A
NV	2020-03-23T20:00:00.0	245	3490	0		4	A
NV	2020-03-24T20:00:00.0	278	3954	0		4	A
NV	2020-03-25T20:00:00.0	321	4251	0		6	A
NV	2020-03-26T20:00:00.0	420	4697			10	A
NV	2020-03-27T20:00:00.0	535	6161			10	A
NV	2020-03-28T20:00:00.0	621	7901			10	A
NV	2020-03-29T20:00:00.0	738	8412			14	A
NV	2020-03-30T20:00:00.0	1008	10207			15	A
NV	2020-03-31T20:00:00.0	1113	10681			17	A
NV	2020-04-01T20:00:00.0	1279	11519			26	A
NV	2020-04-02T20:00:00.0	1458	12588			38	A
NV	2020-04-03T20:00:00.0	1514	13018			43	A
NV	2020-04-04T20:00:00.0	1742	14421			46	A
NV	2020-04-05T20:00:00.0	1836	14995			46	
NY	2020-03-04T21:00:00.0	6	48	24			
NY	2020-03-05T21:00:00.0	22	76	24			
NY	2020-03-06T21:00:00.0	33	92	236			
NY	2020-03-07T21:00:00.0	76	92	236			
NY	2020-03-08T20:00:00.0	105	92				
NY	2020-03-09T20:00:00.0	142	92				
NY	2020-03-10T20:00:00.0	173	92				
NY	2020-03-11T20:00:00.0	216	92				
NY	2020-03-12T20:00:00.0	216	92				
NY	2020-03-13T20:00:00.0	421	2779				
NY	2020-03-14T20:00:00.0	524	2779				
NY	2020-03-15T20:00:00.0	729	4543			3	
NY	2020-03-16T20:00:00.0	950	4543			7	
NY	2020-03-17T20:00:00.0	1700	5506			7	
NY	2020-03-18T20:00:00.0	2382	12215			12	
NY	2020-03-19T20:00:00.0	4152	18132			12	
NY	2020-03-20T20:00:00.0	7102	25325			35	B
NY	2020-03-21T20:00:00.0	10356	35081		1603	44	B
NY	2020-03-22T20:00:00.0	15168	46233		1974	114	B
NY	2020-03-23T20:00:00.0	20875	57414		2635	114	B
NY	2020-03-24T20:00:00.0	25665	65605		3234	210	B
NY	2020-03-25T20:00:00.0	30811	72668		3805	285	B
NY	2020-03-26T20:00:00.0	37258	84846		6844	385	B
NY	2020-03-27T20:00:00.0	44635	101118		8526	519	B
NY	2020-03-28T20:00:00.0	52318	103616		10054	728	A
NY	2020-03-29T20:00:00.0	59513	112847		12075	965	A
NY	2020-03-30T20:00:00.0	66497	119971		13721	1218	A
NY	2020-03-31T20:00:00.0	75795	129391		15904	1550	A
NY	2020-04-01T20:00:00.0	83712	137168		18368	1941	A
NY	2020-04-02T20:00:00.0	92381	146584		20817	2373	A
NY	2020-04-03T20:00:00.0	102863	157657		23696	2935	A
NY	2020-04-04T20:00:00.0	113704	169917		26383	3565	A
NY	2020-04-05T20:00:00.0	122031	180249		28092	4159	
OH	2020-03-05T21:00:00.0	0	7	3			
OH	2020-03-06T21:00:00.0	0	8	2			
OH	2020-03-07T21:00:00.0	0	9	5			
OH	2020-03-08T20:00:00.0	0	10	4			
OH	2020-03-09T20:00:00.0	3	11	5			
OH	2020-03-10T20:00:00.0	3	14	15			
OH	2020-03-11T20:00:00.0	4	21	24			
OH	2020-03-12T20:00:00.0	5	30	52			
OH	2020-03-13T20:00:00.0	13	50	159			
OH	2020-03-14T20:00:00.0	13	50	159			
OH	2020-03-15T20:00:00.0	36	139	350			
OH	2020-03-16T20:00:00.0	50	140	361			
OH	2020-03-17T20:00:00.0	67	140				
OH	2020-03-18T20:00:00.0	88	140				
OH	2020-03-19T20:00:00.0	119	140				
OH	2020-03-20T20:00:00.0	169	140			1	D
OH	2020-03-21T20:00:00.0	247	140		58	3	D
OH	2020-03-22T20:00:00.0	351	140		83	3	D
OH	2020-03-23T20:00:00.0	442	140		104	6	D
OH	2020-03-24T20:00:00.0	564	140		145	8	D
OH	2020-03-25T20:00:00.0	704	14060		182	10	D
OH	2020-03-26T20:00:00.0	867	16449		223	15	B
OH	2020-03-27T20:00:00.0	1137	19012		276	19	A
OH	2020-03-28T20:00:00.0	1406	19012		344	25	A
OH	2020-03-29T20:00:00.0	1653	19012		403	29	A
OH	2020-03-30T20:00:00.0	1933	25342		475	39	B
OH	2020-03-31T20:00:00.0	2199	26992		585	55	B
OH	2020-04-01T20:00:00.0	2547	26992		679	65	B
OH	2020-04-02T20:00:00.0	2902	32016		802	81	B
OH	2020-04-03T20:00:00.0	3312	35063		895	91	B
OH	2020-04-04T20:00:00.0	3739	38132		1006	102	
OH	2020-04-05T20:00:00.0	4043	39713		1104	119	
OK	2020-03-07T21:00:00.0	1					
OK	2020-03-08T20:00:00.0	1	8	2			
OK	2020-03-09T20:00:00.0	1	8	10			
OK	2020-03-10T20:00:00.0	2	15	11			
OK	2020-03-11T20:00:00.0	2	15	11			
OK	2020-03-12T20:00:00.0	3	36	4			
OK	2020-03-13T20:00:00.0	3	36	37			
OK	2020-03-14T20:00:00.0	4	36	37			
OK	2020-03-15T20:00:00.0	9	118	12			
OK	2020-03-16T20:00:00.0	10	174	29			
OK	2020-03-17T20:00:00.0	17	247	82			
OK	2020-03-18T20:00:00.0	29	378	110			
OK	2020-03-19T20:00:00.0	44	466	250		1	
OK	2020-03-20T20:00:00.0	49	538	374		1	A
OK	2020-03-21T20:00:00.0	53	560	144	10	1	A
OK	2020-03-22T20:00:00.0	67	669	102	11	2	A
OK	2020-03-23T20:00:00.0	81	694	102	15	2	A
OK	2020-03-24T20:00:00.0	106	735		25	3	A
OK	2020-03-25T20:00:00.0	164	805		59	5	A
OK	2020-03-26T20:00:00.0	248	958		86	7	A
OK	2020-03-27T20:00:00.0	322	1084		105	8	A
OK	2020-03-28T20:00:00.0	377	1180		126	15	A
OK	2020-03-29T20:00:00.0	429	1205		140	16	B
OK	2020-03-30T20:00:00.0	481	1207		153	17	B
OK	2020-03-31T20:00:00.0	565	1229		177	23	B
OK	2020-04-01T20:00:00.0	719	1248		219	30	B
OK	2020-04-02T20:00:00.0	879	1265		257	34	B
OK	2020-04-03T20:00:00.0	988	1315		289	38	B
OK	2020-04-04T20:00:00.0	1159	1362		316	42	
OK	2020-04-05T20:00:00.0	1252	1401		330	46	
OR	2020-03-04T21:00:00.0	3	29	18			
OR	2020-03-05T21:00:00.0	3	45	13			
OR	2020-03-06T21:00:00.0	3	64	28			
OR	2020-03-07T21:00:00.0	7	77	40			
OR	2020-03-08T20:00:00.0	14	100	53			
OR	2020-03-09T20:00:00.0	14	165	52			
OR	2020-03-10T20:00:00.0	15	213	67			
OR	2020-03-11T20:00:00.0	19	286	62			
OR	2020-03-12T20:00:00.0	19	286	62			
OR	2020-03-13T20:00:00.0	30	337	157			
OR	2020-03-14T20:00:00.0	30	337	157			
OR	2020-03-15T20:00:00.0	36	420	225			
OR	2020-03-16T20:00:00.0	39	579	182			
OR	2020-03-17T20:00:00.0	47	689	184			
OR	2020-03-18T20:00:00.0	75	1118	361		3	
OR	2020-03-19T20:00:00.0	88	1329	437		3	
OR	2020-03-20T20:00:00.0	114	2003	433		3	A
OR	2020-03-21T20:00:00.0	114	2003	433		3	A
OR	2020-03-22T20:00:00.0	161	2864		43	4	A
OR	2020-03-23T20:00:00.0	191	3649		56	5	A
OR	2020-03-24T20:00:00.0	209	4350		61	8	A
OR	2020-03-25T20:00:00.0	209	4350		61	8	A
OR	2020-03-26T20:00:00.0	327	6953		90	11	A
OR	2020-03-27T20:00:00.0	414	8510		102	12	A
OR	2020-03-28T20:00:00.0	479	9693		117	13	A
OR	2020-03-29T20:00:00.0	548	10878		129	13	A
OR	2020-03-30T20:00:00.0	606	12277		140	16	A
OR	2020-03-31T20:00:00.0	690	13136		154	18	A
OR	2020-04-01T20:00:00.0	736	13136		154	18	A
OR	2020-04-02T20:00:00.0	826	14132		167	19	A
OR	2020-04-03T20:00:00.0	899	15259			21	A
OR	2020-04-04T20:00:00.0	899	16535		204	22	A
OR	2020-04-05T20:00:00.0	999	17926		239	26	
PA	2020-03-06T21:00:00.0	2					
PA	2020-03-07T21:00:00.0	2					
PA	2020-03-08T20:00:00.0	4					
PA	2020-03-09T20:00:00.0	7					
PA	2020-03-10T20:00:00.0	12					
PA	2020-03-11T20:00:00.0	15	88	54			
PA	2020-03-12T20:00:00.0	22	116	81			
PA	2020-03-13T20:00:00.0	33	140	130			
PA	2020-03-14T20:00:00.0	47	205	150			
PA	2020-03-15T20:00:00.0	63	205	183			
PA	2020-03-16T20:00:00.0	76	670				
PA	2020-03-17T20:00:00.0	96	879				
PA	2020-03-18T20:00:00.0	133	1187				
PA	2020-03-19T20:00:00.0	185	1608			1	
PA	2020-03-20T20:00:00.0	268	2574			1	A
PA	2020-03-21T20:00:00.0	371	3766			2	A
PA	2020-03-22T20:00:00.0	479	4964			2	A
PA	2020-03-23T20:00:00.0	644	6595			6	A
PA	2020-03-24T20:00:00.0	851	8643			7	A
PA	2020-03-25T20:00:00.0	1127	11193			11	A
PA	2020-03-26T20:00:00.0	1687	16441			16	A
PA	2020-03-27T20:00:00.0	2218	21016		241	22	A
PA	2020-03-28T20:00:00.0	2751	25254		316	34	A
PA	2020-03-29T20:00:00.0	3394	30061		353	38	A
PA	2020-03-30T20:00:00.0	4087	33777		386	49	A
PA	2020-03-31T20:00:00.0	4843	37645		514	63	A
PA	2020-04-01T20:00:00.0	5805	42427		620	74	A
PA	2020-04-02T20:00:00.0	7016	47698		730	90	A
PA	2020-04-03T20:00:00.0	8420	53695		852	102	A
PA	2020-04-04T20:00:00.0	10017	60013		1004	136	
PA	2020-04-05T20:00:00.0	11510	66261		1072	150	
PR	2020-03-16T20:00:00.0	5	9				
PR	2020-03-17T20:00:00.0	5	13	4			
PR	2020-03-18T20:00:00.0	5	31	21			
PR	2020-03-19T20:00:00.0	5	56	29			
PR	2020-03-20T20:00:00.0	14	114	52			A
PR	2020-03-21T20:00:00.0	21	143	71			A
PR	2020-03-22T20:00:00.0	23	183	69			A
PR	2020-03-23T20:00:00.0	31	189	35		2	A
PR	2020-03-24T20:00:00.0	39	268	42		2	A
PR	2020-03-25T20:00:00.0	51	317	70		2	A
PR	2020-03-26T20:00:00.0	64	377	335		2	A
PR	2020-03-27T20:00:00.0	79	519	334		3	A
PR	2020-03-28T20:00:00.0	100	739	792		3	A
PR	2020-03-29T20:00:00.0	127	841	817		5	A
PR	2020-03-30T20:00:00.0	174	931	794		6	A
PR	2020-03-31T20:00:00.0	239	1195	854		8	A
PR	2020-04-01T20:00:00.0	286	1409	897		11	A
PR	2020-04-02T20:00:00.0	316	1604	1119		12	A
PR	2020-04-03T20:00:00.0	378	2049	1055		15	A
PR	2020-04-04T20:00:00.0	452	2065	1129		18	
PR	2020-04-05T20:00:00.0	475	3073	1039		20	
RI	2020-03-07T21:00:00.0	2					
RI	2020-03-08T20:00:00.0	3	30	12			
RI	2020-03-09T20:00:00.0	3	53	6			
RI	2020-03-10T20:00:00.0	3	53	6			
RI	2020-03-11T20:00:00.0	5	58	24			
RI	2020-03-12T20:00:00.0	5	94	8			
RI	2020-03-13T20:00:00.0	14	142	29			
RI	2020-03-14T20:00:00.0	20	198	57			
RI	2020-03-15T20:00:00.0	20	198	57			
RI	2020-03-16T20:00:00.0	21	308	149			
RI	2020-03-17T20:00:00.0	21	308	149			
RI	2020-03-18T20:00:00.0	33	540	334			
RI	2020-03-19T20:00:00.0	33	540	334			
RI	2020-03-20T20:00:00.0	54	654	140			B
RI	2020-03-21T20:00:00.0	66	862	290			B
RI	2020-03-22T20:00:00.0	83	932	216			B
RI	2020-03-23T20:00:00.0	106	932	216			B
RI	2020-03-24T20:00:00.0	106	1120	77			B
RI	2020-03-25T20:00:00.0	124	1143	196	16		B
RI	2020-03-26T20:00:00.0	165	1339	181	23		B
RI	2020-03-27T20:00:00.0	165	1366	138	23		B
RI	2020-03-28T20:00:00.0	203	2306	138	28		B
RI	2020-03-29T20:00:00.0	294	2541		35	3	B
RI	2020-03-30T20:00:00.0	408	3187		41	4	B
RI	2020-03-31T20:00:00.0	488	3476		59	8	B
RI	2020-04-01T20:00:00.0	566	3831		60	10	B
RI	2020-04-02T20:00:00.0	657	4412			12	B
RI	2020-04-03T20:00:00.0	711	4412		72	14	B
RI	2020-04-04T20:00:00.0	806	5584		93	17	
RI	2020-04-05T20:00:00.0	922	7181			25	
SC	2020-03-04T21:00:00.0	0	5	0			
SC	2020-03-05T21:00:00.0	0	5	0			
SC	2020-03-06T21:00:00.0	0	5	0			
SC	2020-03-07T21:00:00.0	2	8				
SC	2020-03-08T20:00:00.0	2	8				
SC	2020-03-09T20:00:00.0	7	24				
SC	2020-03-10T20:00:00.0	7	24				
SC	2020-03-11T20:00:00.0	9	32				
SC	2020-03-12T20:00:00.0	10	48				
SC	2020-03-13T20:00:00.0	12	75				
SC	2020-03-14T20:00:00.0	13	110				
SC	2020-03-15T20:00:00.0	19	154				
SC	2020-03-16T20:00:00.0	28	235			1	
SC	2020-03-17T20:00:00.0	33	311			1	
SC	2020-03-18T20:00:00.0	60	583			1	
SC	2020-03-19T20:00:00.0	60	583			1	
SC	2020-03-20T20:00:00.0	81	833			1	A
SC	2020-03-21T20:00:00.0	152	1255			1	A
SC	2020-03-22T20:00:00.0	195	1466			3	A
SC	2020-03-23T20:00:00.0	299	1466			5	A
SC	2020-03-24T20:00:00.0	298	2012			5	B
SC	2020-03-25T20:00:00.0	424	2303		102	7	B
SC	2020-03-26T20:00:00.0	456	2307		109	9	B
SC	2020-03-27T20:00:00.0	456	2307		109	9	B
SC	2020-03-28T20:00:00.0	539	2408		129	13	B
SC	2020-03-29T20:00:00.0	774	3015		129	16	B
SC	2020-03-30T20:00:00.0	925	4160		129	18	B
SC	2020-03-31T20:00:00.0	1083	4616		259	22	B
SC	2020-04-01T20:00:00.0	1293	5033		349	26	B
SC	2020-04-02T20:00:00.0	1554	5441		896	31	B
SC	2020-04-03T20:00:00.0	1554	5441		241	31	B
SC	2020-04-04T20:00:00.0	1917	16397		241	40	B
SC	2020-04-05T20:00:00.0	2049	16927		241	44	
SD	2020-03-07T21:00:00.0	0	5	0			
SD	2020-03-08T20:00:00.0	0	5	0			
SD	2020-03-09T20:00:00.0	0	5	0			
SD	2020-03-10T20:00:00.0	0	11	0			
SD	2020-03-11T20:00:00.0	5	13	2			
SD	2020-03-12T20:00:00.0	8	27	11			
SD	2020-03-13T20:00:00.0	9	73	11			
SD	2020-03-14T20:00:00.0	9	182	3			
SD	2020-03-15T20:00:00.0	9	327	6			
SD	2020-03-16T20:00:00.0	10	494	0			
SD	2020-03-17T20:00:00.0	11	551	35			
SD	2020-03-18T20:00:00.0	11	551	350		1	
SD	2020-03-19T20:00:00.0	11	551	385		1	
SD	2020-03-20T20:00:00.0	14	663	270		1	
SD	2020-03-21T20:00:00.0	14	691	268		1	A
SD	2020-03-22T20:00:00.0	21	740	277		1	A
SD	2020-03-23T20:00:00.0	28	762	265		1	A
SD	2020-03-24T20:00:00.0	30	790	268		1	A
SD	2020-03-25T20:00:00.0	41	819	268		1	A
SD	2020-03-26T20:00:00.0	46	1973	125		1	A
SD	2020-03-27T20:00:00.0	58	2387	20		1	A
SD	2020-03-28T20:00:00.0	68	2592	0		1	A
SD	2020-03-29T20:00:00.0	90	3127	1		1	A
SD	2020-03-30T20:00:00.0	101	3478	0		1	A
SD	2020-03-31T20:00:00.0	108	3609	0	12	1	A
SD	2020-04-01T20:00:00.0	129	3903	0	12	2	A
SD	2020-04-02T20:00:00.0	165	4217	0	17	2	A
SD	2020-04-03T20:00:00.0	187	4593	3	17	2	A
SD	2020-04-04T20:00:00.0	212	5012	1	19	2	
SD	2020-04-05T20:00:00.0	240	5353		22	2	
TN	2020-03-05T21:00:00.0	1					
TN	2020-03-06T21:00:00.0	1					
TN	2020-03-07T21:00:00.0	1					
TN	2020-03-08T20:00:00.0	3					
TN	2020-03-09T20:00:00.0	3					
TN	2020-03-10T20:00:00.0	7					
TN	2020-03-11T20:00:00.0	7	50				
TN	2020-03-12T20:00:00.0	18	79				
TN	2020-03-13T20:00:00.0	26	116				
TN	2020-03-14T20:00:00.0	32	130				
TN	2020-03-15T20:00:00.0	39	157				
TN	2020-03-16T20:00:00.0	52	270				
TN	2020-03-17T20:00:00.0	73	330				
TN	2020-03-18T20:00:00.0	98	349				
TN	2020-03-19T20:00:00.0	154	349				
TN	2020-03-20T20:00:00.0	228	563				B
TN	2020-03-21T20:00:00.0	371	3272				B
TN	2020-03-22T20:00:00.0	505	3272				B
TN	2020-03-23T20:00:00.0	615	3272			2	B
TN	2020-03-24T20:00:00.0	667	10517			2	A
TN	2020-03-25T20:00:00.0	784	11012		53	3	A
TN	2020-03-26T20:00:00.0	957	13952		76	3	A
TN	2020-03-27T20:00:00.0	1203	14888		103	6	A
TN	2020-03-28T20:00:00.0	1373	16965		118	6	A
TN	2020-03-29T20:00:00.0	1537	19037		133	7	A
TN	2020-03-30T20:00:00.0	1834	21470		148	13	A
TN	2020-03-31T20:00:00.0	2239	25121		175	23	A
TN	2020-04-01T20:00:00.0	2683	29769		200	24	A
TN	2020-04-02T20:00:00.0	2845	31766		263	32	A
TN	2020-04-03T20:00:00.0	3067	34772		293	37	A
TN	2020-04-04T20:00:00.0	3321	38070		311	43	A
TN	2020-04-05T20:00:00.0	3633	41667		328	44	
TX	2020-03-04T21:00:00.0	1					
TX	2020-03-05T21:00:00.0	1					
TX	2020-03-06T21:00:00.0	5					
TX	2020-03-07T21:00:00.0	8					
TX	2020-03-08T20:00:00.0	8					
TX	2020-03-09T20:00:00.0	12					
TX	2020-03-10T20:00:00.0	13					
TX	2020-03-11T20:00:00.0	21					
TX	2020-03-12T20:00:00.0	23					
TX	2020-03-13T20:00:00.0	39					
TX	2020-03-14T20:00:00.0	51					
TX	2020-03-15T20:00:00.0	56					
TX	2020-03-16T20:00:00.0	57					
TX	2020-03-17T20:00:00.0	64	1204			1	
TX	2020-03-18T20:00:00.0	83	1824			2	
TX	2020-03-19T20:00:00.0	143	2212			3	
TX	2020-03-20T20:00:00.0	194	5083			5	
TX	2020-03-21T20:00:00.0	304	6218			5	A
TX	2020-03-22T20:00:00.0	334	8422			5	A
TX	2020-03-23T20:00:00.0	352	9703			8	A
TX	2020-03-24T20:00:00.0	410	10757			9	A
TX	2020-03-25T20:00:00.0	974	12520			12	A
TX	2020-03-26T20:00:00.0	1396	20028			18	A
TX	2020-03-27T20:00:00.0	1731	21935			23	A
TX	2020-03-28T20:00:00.0	2052	23208			27	A
TX	2020-03-29T20:00:00.0	2552	23208			34	A
TX	2020-03-30T20:00:00.0	2877	33003			34	A
TX	2020-03-31T20:00:00.0	3266	39726		196	41	A
TX	2020-04-01T20:00:00.0	3997	43860		196	58	A
TX	2020-04-02T20:00:00.0	4669	46010		196	70	A
TX	2020-04-03T20:00:00.0	5330	50434		196	90	A
TX	2020-04-04T20:00:00.0	6110	57641		196	105	A
TX	2020-04-05T20:00:00.0	6812	64126		827	127	
UT	2020-03-07T21:00:00.0	1					
UT	2020-03-08T20:00:00.0	1					
UT	2020-03-09T20:00:00.0	1					
UT	2020-03-10T20:00:00.0	2					
UT	2020-03-11T20:00:00.0	2					
UT	2020-03-12T20:00:00.0	4	131				
UT	2020-03-13T20:00:00.0	6	131				
UT	2020-03-14T20:00:00.0	6	131				
UT	2020-03-15T20:00:00.0	28	131			0	
UT	2020-03-16T20:00:00.0	39	131			0	
UT	2020-03-17T20:00:00.0	51	131			0	
UT	2020-03-18T20:00:00.0	63	131			0	
UT	2020-03-19T20:00:00.0	78	1448			0	
UT	2020-03-20T20:00:00.0	112	2035			0	D
UT	2020-03-21T20:00:00.0	136	2424			0	A
UT	2020-03-22T20:00:00.0	181	3508			1	A
UT	2020-03-23T20:00:00.0	257	4790			1	A
UT	2020-03-24T20:00:00.0	299	5524			1	A
UT	2020-03-25T20:00:00.0	346	6491			1	A
UT	2020-03-26T20:00:00.0	402	7308			1	A
UT	2020-03-27T20:00:00.0	480	8764			2	A
UT	2020-03-28T20:00:00.0	602	10710			2	A
UT	2020-03-29T20:00:00.0	719	13274			2	A
UT	2020-03-30T20:00:00.0	806	15197			4	A
UT	2020-03-31T20:00:00.0	887	17626		73	5	A
UT	2020-04-01T20:00:00.0	1012	20155		91	7	A
UT	2020-04-02T20:00:00.0	1074	19991		100	7	A
UT	2020-04-03T20:00:00.0	1246	23002		106	7	A
UT	2020-04-04T20:00:00.0	1428	26615		117	8	
UT	2020-04-05T20:00:00.0	1605	29287		124	8	
VA	2020-03-05T21:00:00.0	0	18	3			
VA	2020-03-06T21:00:00.0	0	21	10			
VA	2020-03-07T21:00:00.0	0	31	7			
VA	2020-03-08T20:00:00.0	2	36	6			
VA	2020-03-09T20:00:00.0	3	38	9			
VA	2020-03-10T20:00:00.0	8	53				
VA	2020-03-11T20:00:00.0	9	60				
VA	2020-03-12T20:00:00.0	17	117				
VA	2020-03-13T20:00:00.0	30	117				
VA	2020-03-14T20:00:00.0	30	117				
VA	2020-03-15T20:00:00.0	45	363			1	
VA	2020-03-16T20:00:00.0	51	438			1	
VA	2020-03-17T20:00:00.0	67	961			1	
VA	2020-03-18T20:00:00.0	77	1201			1	
VA	2020-03-19T20:00:00.0	94	1829			2	
VA	2020-03-20T20:00:00.0	114	2211			2	
VA	2020-03-21T20:00:00.0	152	2638		25	2	A
VA	2020-03-22T20:00:00.0	219	3118		32	3	A
VA	2020-03-23T20:00:00.0	254	3443		38	6	A
VA	2020-03-24T20:00:00.0	290	4180		45	7	A
VA	2020-03-25T20:00:00.0	391	4979		59	9	A
VA	2020-03-26T20:00:00.0	460	5729		65	13	A
VA	2020-03-27T20:00:00.0	604	6733		83	14	A
VA	2020-03-28T20:00:00.0	739	8427		99	17	A
VA	2020-03-29T20:00:00.0	890	9719		112	22	A
VA	2020-03-30T20:00:00.0	1020	11018		136	25	A
VA	2020-03-31T20:00:00.0	1250	12151		165	27	A
VA	2020-04-01T20:00:00.0	1484	13860		305	34	A
VA	2020-04-02T20:00:00.0	1706	15883		305	41	A
VA	2020-04-03T20:00:00.0	2012	16993		312	46	A
VA	2020-04-04T20:00:00.0	2407	19145		390	52	A
VA	2020-04-05T20:00:00.0	2637	21034		431	51	
VI	2020-03-16T20:00:00.0	1					
VI	2020-03-17T20:00:00.0	2					
VI	2020-03-18T20:00:00.0	2				0	
VI	2020-03-19T20:00:00.0	3				0	
VI	2020-03-20T20:00:00.0	3				0	
VI	2020-03-21T20:00:00.0	6				0	
VI	2020-03-22T20:00:00.0	6				0	
VI	2020-03-23T20:00:00.0	17				0	
VI	2020-03-24T20:00:00.0	17				0	
VI	2020-03-25T20:00:00.0	17	55	2		0	
VI	2020-03-26T20:00:00.0	17	55	2		0	
VI	2020-03-27T20:00:00.0	19	55	2		0	
VI	2020-03-28T20:00:00.0	22	106	55		0	
VI	2020-03-29T20:00:00.0	23	123	37			
VI	2020-03-30T20:00:00.0	30	126	24			
VI	2020-03-31T20:00:00.0	30	126	24			
VI	2020-04-01T20:00:00.0	30	126	24			
VI	2020-04-02T20:00:00.0	33	149	42			
VI	2020-04-03T20:00:00.0	38	154	56			
VI	2020-04-04T20:00:00.0	40	184	42			
VI	2020-04-05T20:00:00.0	42	224	18		1	
VT	2020-03-06T21:00:00.0	0	8				
VT	2020-03-07T21:00:00.0	0	16				
VT	2020-03-08T20:00:00.0	1	28				
VT	2020-03-09T20:00:00.0	1	34				
VT	2020-03-10T20:00:00.0	1	40				
VT	2020-03-11T20:00:00.0	1	62				
VT	2020-03-12T20:00:00.0	2	97				
VT	2020-03-13T20:00:00.0	2	142				
VT	2020-03-14T20:00:00.0	4	227				
VT	2020-03-15T20:00:00.0	4	348				
VT	2020-03-16T20:00:00.0	8	421				
VT	2020-03-17T20:00:00.0	10	495				
VT	2020-03-18T20:00:00.0	19	592				
VT	2020-03-19T20:00:00.0	22	645				
VT	2020-03-20T20:00:00.0	29	779			2	
VT	2020-03-21T20:00:00.0	29	779			2	A
VT	2020-03-22T20:00:00.0	52	1106			2	A
VT	2020-03-23T20:00:00.0	75	1106			5	A
VT	2020-03-24T20:00:00.0	95	1440			7	A
VT	2020-03-25T20:00:00.0	123	1589			8	A
VT	2020-03-26T20:00:00.0	158	1850			9	A
VT	2020-03-27T20:00:00.0	184	2077		18	10	A
VT	2020-03-28T20:00:00.0	211	2163		18	12	A
VT	2020-03-29T20:00:00.0	235	3466		18	12	A
VT	2020-03-30T20:00:00.0	256	3674		18	12	A
VT	2020-03-31T20:00:00.0	293	3957		36	13	A
VT	2020-04-01T20:00:00.0	321	4174		45	16	A
VT	2020-04-02T20:00:00.0	338	4711		45	17	A
VT	2020-04-03T20:00:00.0	389	4839		45	17	A
VT	2020-04-04T20:00:00.0	461	5383		45	20	
VT	2020-04-05T20:00:00.0	512	6070		45	22	
WA	2020-03-04T21:00:00.0	39				10	
WA	2020-03-05T21:00:00.0	70				11	
WA	2020-03-06T21:00:00.0	79	370			14	
WA	2020-03-07T21:00:00.0	102	370	66		16	
WA	2020-03-08T20:00:00.0	102	640	60		18	
WA	2020-03-09T20:00:00.0	136	1110			22	
WA	2020-03-10T20:00:00.0	162	1110			24	
WA	2020-03-11T20:00:00.0	267	2175			24	
WA	2020-03-12T20:00:00.0	337	3037			29	
WA	2020-03-13T20:00:00.0	457	4350			31	
WA	2020-03-14T20:00:00.0	568	6001			37	
WA	2020-03-15T20:00:00.0	642	7122			40	
WA	2020-03-16T20:00:00.0	769	9451			42	
WA	2020-03-17T20:00:00.0	904	11582			48	
WA	2020-03-18T20:00:00.0	1012	13117			52	
WA	2020-03-19T20:00:00.0	1187	15918			66	
WA	2020-03-20T20:00:00.0	1376	19336			74	
WA	2020-03-21T20:00:00.0	1524	21719			83	A
WA	2020-03-22T20:00:00.0	1793	25328			94	A
WA	2020-03-23T20:00:00.0	1996	28879			95	A
WA	2020-03-24T20:00:00.0	2221	31712			110	A
WA	2020-03-25T20:00:00.0	2469	31712			123	A
WA	2020-03-26T20:00:00.0	2580	31712			132	A
WA	2020-03-27T20:00:00.0	3207	43173			147	A
WA	2020-03-28T20:00:00.0	3723	49015		254	175	A
WA	2020-03-29T20:00:00.0	4310	54896		254	189	A
WA	2020-03-30T20:00:00.0	4896	60566		254	195	A
WA	2020-03-31T20:00:00.0	4896	60566		254	195	A
WA	2020-04-01T20:00:00.0	5634	60566		254	224	A
WA	2020-04-02T20:00:00.0	5984	68814		254	247	A
WA	2020-04-03T20:00:00.0	6585	72833		254	262	A
WA	2020-04-04T20:00:00.0	6966	75633			284	A
WA	2020-04-05T20:00:00.0	7591	80327			310	
WI	2020-03-04T21:00:00.0	1	19	6			
WI	2020-03-05T21:00:00.0	1	19	6			
WI	2020-03-06T21:00:00.0	1	31	12			
WI	2020-03-07T21:00:00.0	1	31	12			
WI	2020-03-08T20:00:00.0	1	31	12			
WI	2020-03-09T20:00:00.0	1	36				
WI	2020-03-10T20:00:00.0	2	36				
WI	2020-03-11T20:00:00.0	3	43				
WI	2020-03-12T20:00:00.0	8	84				
WI	2020-03-13T20:00:00.0	19	169				
WI	2020-03-14T20:00:00.0	19	169				
WI	2020-03-15T20:00:00.0	33	313				
WI	2020-03-16T20:00:00.0	47	504				
WI	2020-03-17T20:00:00.0	72	1038				
WI	2020-03-18T20:00:00.0	106	1577				
WI	2020-03-19T20:00:00.0	155	2192				
WI	2020-03-20T20:00:00.0	206	3455			3	
WI	2020-03-21T20:00:00.0	281	4628			4	A
WI	2020-03-22T20:00:00.0	385	6230			4	A
WI	2020-03-23T20:00:00.0	416	7050			5	A
WI	2020-03-24T20:00:00.0	457	8237			5	A
WI	2020-03-25T20:00:00.0	585	10089			7	A
WI	2020-03-26T20:00:00.0	707	11583			8	A
WI	2020-03-27T20:00:00.0	842	13140			13	A
WI	2020-03-28T20:00:00.0	989	15232			13	A
WI	2020-03-29T20:00:00.0	1112	16550			13	A
WI	2020-03-30T20:00:00.0	1221	15856			14	A
WI	2020-03-31T20:00:00.0	1351	17375		337	16	A
WI	2020-04-01T20:00:00.0	1550	18819		398	24	A
WI	2020-04-02T20:00:00.0	1730	20317		461	31	A
WI	2020-04-03T20:00:00.0	1912	22377		487	37	A
WI	2020-04-04T20:00:00.0	2112	23859		588	56	
WI	2020-04-05T20:00:00.0	2267	25169		624	68	
WV	2020-03-06T21:00:00.0	0	1	4			
WV	2020-03-07T21:00:00.0	0	2	3			
WV	2020-03-08T20:00:00.0	0	2	3			
WV	2020-03-09T20:00:00.0	0	2	3			
WV	2020-03-10T20:00:00.0	0	2	3			
WV	2020-03-11T20:00:00.0	0	3	2			
WV	2020-03-12T20:00:00.0	0	7	1			
WV	2020-03-13T20:00:00.0	0	17	4			
WV	2020-03-14T20:00:00.0	0	26	5			
WV	2020-03-15T20:00:00.0	0	38	1		0	
WV	2020-03-16T20:00:00.0	0	80	4		0	
WV	2020-03-17T20:00:00.0	0	80	4		0	
WV	2020-03-18T20:00:00.0	1	122	14		0	
WV	2020-03-19T20:00:00.0	2	143	3		0	
WV	2020-03-20T20:00:00.0	7	219	13		0	B
WV	2020-03-21T20:00:00.0	11	330	2	1	0	B
WV	2020-03-22T20:00:00.0	12	385	1	1	0	B
WV	2020-03-23T20:00:00.0	16	444	4	1	0	B
WV	2020-03-24T20:00:00.0	20	610	0	1	0	B
WV	2020-03-25T20:00:00.0	39	759	6	1	0	B
WV	2020-03-26T20:00:00.0	51	1031	19	1	0	B
WV	2020-03-27T20:00:00.0	76	1779	43	1	0	B
WV	2020-03-28T20:00:00.0	96	2331	6	1	0	B
WV	2020-03-29T20:00:00.0	113	2705	0	1	0	B
WV	2020-03-30T20:00:00.0	126	2984	0	1	1	B
WV	2020-03-31T20:00:00.0	162	3981		1	1	B
WV	2020-04-01T20:00:00.0	191	4384		1	1	B
WV	2020-04-02T20:00:00.0	217	5276		1	2	B
WV	2020-04-03T20:00:00.0	237	6130		1	2	B
WV	2020-04-04T20:00:00.0	282	7404			2	B
WV	2020-04-05T20:00:00.0	324	8514			3	
WY	2020-03-07T21:00:00.0	0					
WY	2020-03-08T20:00:00.0	0					
WY	2020-03-09T20:00:00.0	0					
WY	2020-03-10T20:00:00.0	0	0	0			
WY	2020-03-11T20:00:00.0	0					
WY	2020-03-12T20:00:00.0	1					
WY	2020-03-13T20:00:00.0	1					
WY	2020-03-14T20:00:00.0	2					
WY	2020-03-15T20:00:00.0	3					
WY	2020-03-16T20:00:00.0	3					
WY	2020-03-17T20:00:00.0	10	95				
WY	2020-03-18T20:00:00.0	15	178				
WY	2020-03-19T20:00:00.0	18	271				
WY	2020-03-20T20:00:00.0	19	331				
WY	2020-03-21T20:00:00.0	23	438				A
WY	2020-03-22T20:00:00.0	24	438				A
WY	2020-03-23T20:00:00.0	26	592				A
WY	2020-03-24T20:00:00.0	29	710				A
WY	2020-03-25T20:00:00.0	44	954				A
WY	2020-03-26T20:00:00.0	53	1052				A
WY	2020-03-27T20:00:00.0	70	1211		11	0	A
WY	2020-03-28T20:00:00.0	82	1475		14	0	A
WY	2020-03-29T20:00:00.0	86	1554		15	0	A
WY	2020-03-30T20:00:00.0	94	1840		17	0	A
WY	2020-03-31T20:00:00.0	109	1999		17	0	A
WY	2020-04-01T20:00:00.0	130	2218		18	0	A
WY	2020-04-02T20:00:00.0	150	2439		19	0	A
WY	2020-04-03T20:00:00.0	162	2704		21	0	A
WY	2020-04-04T20:00:00.0	187	2945		23	0	A
WY	2020-04-05T20:00:00.0	197	3040		23	0	
